genus,species1,species2,duplicate,remove,PI_name,intraspecific_value_sp1,intraspecific_value_sp2,interspecific_value_sp1_sp2,interspecific_value_sp2_sp1,sp1_hybrid_proportion,sp2_hybrid_proportion,RI,measure
Achimenes,Achimenes antirrhina,Achimenes flava,no,no,NA,52.83,74.05,10.84,12.05,NA,NA,0.6943,fruit set
Achimenes,Achimenes antirrhina,Achimenes patens,no,no,NA,52.83,72.85,15.11,48.1,NA,NA,0.3307,fruit set
Achimenes,Achimenes flava,Achimenes patens,no,no,Achimenes,219.78,69,107,187.41,NA,NA,-0.0097,seed set
Adenocalymma,Adenocalymma nodosum,Adenocalymma peregrinum,no,no,Adenocalymma,0.26208,0.12096,0.20482,0.108528,NA,NA,0.1001,seed set
Anacyclus,Anacyclus clavatus,Anacyclus homogamos,no,no,Anacyclus,0.88,0.88,0.89,0.92,NA,NA,-0.014,seed set
Antirrhinum,Antirrhinum pulverulentum,Antirrhinum majus,no,no,Antirrhinum,75.74,65.13,35.94,30.91,NA,NA,0.3563,seed set
Antirrhinum,Antirrhinum valentinum,Antirrhinum controversum,no,no,NA,77.85,69.6,77.1,21.02,NA,NA,0.2009,seed set
Aquilegia,Aquilegia canadensis,Aquilegia caerulea,no,no,Aquilegia01,72.25,68.4,NA,62.3,NA,NA,0.0605,seed set
Aquilegia,Aquilegia canadensis,Aquilegia flabellata,no,no,NA,72.25,77.5,48.4,49.6,NA,NA,0.2089,seed set
Aquilegia,Aquilegia canadensis,Aquilegia japonica,no,no,NA,72.25,69.8,54.3,NA,NA,NA,0.1335,seed set
Aquilegia,Aquilegia canadensis,Aquilegia longissima,no,no,NA,72.25,65.7,67.7,62.3,NA,NA,0.0297,seed set
Aquilegia,Aquilegia canadensis,Aquilegia pubescens,no,no,NA,72.25,59.2,68.4,NA,NA,NA,-0.0199,seed set
Aquilegia,Aquilegia chrysantha,Aquilegia canadensis,no,no,NA,51.4,72.25,67.4,NA,NA,NA,-0.0431,seed set
Aquilegia,Aquilegia ecalcarata,Aquilegia vulgaris,no,no,Aquilegia02,71.4,75.6,68.5,63.1,NA,NA,0.0553,seed set
Aquilegia,Aquilegia ecalcarata,Aquilegia alpina,no,no,NA,71.4,72.5,52.3,57,NA,NA,0.1367,seed set
Aquilegia,Aquilegia ecalcarata,Aquilegia baikalensis,no,no,NA,71.4,68.8,42.1,57.7,NA,NA,0.1683,seed set
Aquilegia,Aquilegia ecalcarata,Aquilegia canadensis,no,no,NA,71.4,72.25,34.05,34.15,NA,NA,0.3561,seed set
Aquilegia,Aquilegia ecalcarata,Aquilegia chaplinei,no,no,NA,71.4,62.2,NA,12.3,NA,NA,0.689,seed set
Aquilegia,Aquilegia ecalcarata,Aquilegia chrysantha,no,no,NA,71.4,51.4,28.1,1.3,NA,NA,0.6137,seed set
Aquilegia,Aquilegia ecalcarata,Aquilegia elegantula,no,no,NA,71.4,62.6,37.3,NA,NA,NA,0.2848,seed set
Aquilegia,Aquilegia ecalcarata,Aquilegia flabellata,no,no,NA,71.4,77.5,50.8,60.6,NA,NA,0.1441,seed set
Aquilegia,Aquilegia ecalcarata,Aquilegia formosa,no,no,NA,71.4,59.8,30.5,24.9,NA,NA,0.4062,seed set
Aquilegia,Aquilegia ecalcarata,Aquilegia japonica,no,no,NA,71.4,69.8,60,52.6,NA,NA,0.1127,seed set
Aquilegia,Aquilegia ecalcarata,Aquilegia longissima,no,no,NA,71.4,65.7,26.5,23.4,NA,NA,0.4663,seed set
Aquilegia,Aquilegia ecalcarata,Aquilegia pubescens,no,no,NA,71.4,59.2,NA,3.4,NA,NA,0.901,seed set
Aquilegia,Aquilegia elegantula,Aquilegia flabellata,no,no,Aquilegia03,62.6,77.5,44.5,42.2,NA,NA,0.2354,seed set
Aquilegia,Aquilegia flabellata,Aquilegia chrysantha,no,no,NA,77.5,51.4,38.4,38.5,NA,NA,0.2527,seed set
Aquilegia,Aquilegia flabellata,Aquilegia longissima,no,no,NA,77.5,65.7,35.5,NA,NA,NA,0.3371,seed set
Aquilegia,Aquilegia japonica,Aquilegia formosa,no,no,NA,69.8,59.8,44.3,41.4,NA,NA,0.2039,seed set
Aquilegia,Aquilegia longissima,Aquilegia vulgaris,no,no,NA,65.7,75.6,35,NA,NA,NA,0.3374,seed set
Aquilegia,Aquilegia vulgaris,Aquilegia canadensis,no,no,NA,75.6,72.25,58,NA,NA,NA,0.1207,seed set
Aquilegia,Aquilegia vulgaris,Aquilegia chrysantha,no,no,NA,75.6,51.4,25.7,NA,NA,NA,0.4238,seed set
Aquilegia,Aquilegia vulgaris,Aquilegia elegantula,no,no,NA,75.6,62.6,47.8,NA,NA,NA,0.1822,seed set
Aquilegia,Aquilegia vulgaris,Aquilegia formosa,no,no,NA,75.6,59.8,14.8,NA,NA,NA,0.6412,seed set
Arenaria,Arenaria uniflora,Arenaria glabra,no,no,Arenaria,16.2,NA,2.8,NA,NA,NA,0.7053,seed set
Arisaema,Arisaema bockii,Arisaema lobatum,no,no,Arisaema,49.82,37.61,20.93,29.83,NA,NA,0.2654,seed set
Arisaema,Arisaema bockii,Arisaema erubescens,no,no,NA,49.82,42.76,NA,30.13,NA,NA,0.2115,seed set
Arisaema,Arisaema lobatum,Arisaema erubescens,no,no,NA,37.61,42.76,26.54,48.72,NA,NA,0.0328,seed set
Arnebia,Arnebia guttata,Arnebia szechenyi,no,no,Arnebia,NA,NA,0,0,NA,NA,1,seed set
Asclepias,Asclepias perennis,Asclepias incarnata,no,no,Asclepias,486.54,NA,0,0,NA,NA,1,seed set
Asclepias,Asclepias perennis,Asclepias curassavica,no,no,NA,486.54,NA,0,0,NA,NA,1,seed set
Asclepias,Asclepias perennis,Asclepias texana,no,no,NA,486.54,,1091.4,544.5,NA,NA,-0.2541,seed set
Asclepias,Asclepias texana,Asclepias incarnata,no,no,NA,776.25,NA,0,0,NA,NA,1,seed set
Bidens,Bidens carpodonta,Bidens longistyla,no,no,Bidens,100,100,0,0,NA,NA,1,seed set
Bidens,Bidens ferulifolia,Bidens carpodonta,no,no,NA,100,100,0,0,NA,NA,1,seed set
Bidens,Bidens ferulifolia,Bidens longistyla,no,no,NA,100,100,0,0,NA,NA,1,seed set
Boechera,Boechera stricta,Boechera retrofracta,no,no,Boechera,4.6,1.4,8.6,0.15,NA,NA,-0.1864,seed set
Buddleja,Buddleja crispa,Buddleja officinalis,no,no,Buddleja,22.27,59.15,5.44,0,NA,NA,0.8747,seed number per fruit
Caiophora,Caiophora carduifolia,Caiophora chuquitensis,no,no,Caiophora,0.4,0.8,NA,0.8,NA,NA,-0.1429,fruit set
Caiophora,Caiophora carduifolia,Caiophora canarinoides,no,no,NA,0.4,0.8,0.4,0.75,NA,NA,0.0213,fruit set
Caiophora,Caiophora carduifolia,Caiophora cirsiifolia,no,no,NA,0.4,0.942857143,0.45,0.866666667,NA,NA,0.0098,fruit set
Caiophora,Caiophora carduifolia,Caiophora deserticola,no,no,NA,0.4,0.4,NA,0.8,NA,NA,-0.3333,fruit set
Caiophora,Caiophora carduifolia,Caiophora madrequisa,no,no,NA,0.4,0.5,NA,1,NA,NA,-0.3793,fruit set
Caiophora,Caiophora carduifolia,Caiophora pentlandii,no,no,NA,0.4,0.8,NA,1,NA,NA,-0.25,fruit set
Caiophora,Caiophora chuquitensis,Caiophora cirsiifolia,no,no,NA,0.8,0.942857143,1,1,NA,NA,-0.0687,fruit set
Caiophora,Caiophora cirsiifolia,Caiophora canarinoides,no,no,NA,0.942857143,0.8,1,0.75,NA,NA,-0.002,fruit set
Caiophora,Caiophora cirsiifolia,Caiophora madrequisa,no,no,NA,0.942857143,0.5,1,0.3333333,NA,NA,0.0395,fruit set
Caiophora,Caiophora cirsiifolia,Caiophora pentlandii,no,no,NA,0.942857143,0.8,1,0.8,NA,NA,-0.0161,fruit set
Caiophora,Caiophora deserticola,Caiophora canarinoides,no,no,NA,0.4,0.8,0.2,0.8,NA,NA,0.0909,fruit set
Caiophora,Caiophora deserticola,Caiophora chuquitensis,no,no,NA,0.4,0.8,0.4,1,NA,NA,-0.0769,fruit set
Caiophora,Caiophora deserticola,Caiophora cirsiifolia,no,no,NA,0.4,0.942857143,0.666666667,0.866666667,NA,NA,-0.0662,fruit set
Caiophora,Caiophora deserticola,Caiophora madrequisa,no,no,NA,0.4,0.5,0.6,0.2,NA,NA,0.0588,fruit set
Caiophora,Caiophora deserticola,Caiophora pentlandii,no,no,NA,0.4,0.8,0,0.8,NA,NA,0.2,fruit set
Cakile,Cakile maritima,Cakile edentula,no,no,Cakile,0.75,0.67,0.85,0.68,NA,NA,-0.0373,seed set
Calceolaria,Calceolaria arachnoidea,Calceolaria filicaulis,no,no,Calceolaria,303.35,453.62,25.97,117.75,NA,NA,0.6809,seed number per fruit
Calendula,Calendula palaestina,Calendula pachysperma,no,no,Calendula,2.8,7,2.3,2.4,NA,NA,0.3517,seed set
Casuarina,Casuarina equisetifolia,Casuarina cristata,no,no,Casuarina,NA,0.028,0.19033099,0,NA,NA,-0.5453,seed set
Casuarina,Casuarina equisetifolia,Casuarina junghuhniana,no,no,NA,NA,0.18075496,0.23552041,0.05973767,NA,NA,0.1009,seed set
Casuarina,Casuarina junghuhniana,Casuarina cristata,no,no,NA,0.18075496,0.028,0.06722352,0,NA,NA,0.5128,seed set
Cattleya,Cattleya sincorana,Cattleya pfisteri,no,no,Cattleya,0.3784,0.441,0.06916,0.253708,NA,NA,0.4347,seed set
Centaurium,Centaurium erythraea,Centaurium pulchellum,no,no,Centaurium,0.867,0.89,0.349,0.404,NA,NA,0.4,seed set
Centaurium,Centaurium erythraea,Centaurium littorale,yes2,no,NA,0.867,0.845,0.48,0.8,NA,NA,0.1444,seed set
Centaurium,Centaurium erythraea,Centaurium littorale,yes2,no,NA,NA,NA,NA,NA,0.56,0.34,0.1,pollen competition
Centaurium,Centaurium littorale,Centaurium pulchellum,no,no,NA,0.845,0.89,0.725,0.297,NA,NA,0.2586,seed set
Chamaecrista,Chamaecrista blanchetii,Chamaecrista confertiformis,no,no,NA,2.128,0.625,0.2057,0.039,NA,NA,0.8367,seed set
Chamaecrista,Chamaecrista chapadae,Chamaecrista glaucofilix,no,no,Chamaecrista,0.3572,2.2752,0.0805,0,NA,NA,0.9407,seed set
Chamaecrista,Chamaecrista chapadae,Chamaecrista blanchetii,no,no,NA,0.3572,2.128,0,0,NA,NA,1,seed set
Chamaecrista,Chamaecrista chapadae,Chamaecrista confertiformis,no,no,NA,0.3572,0.625,0,0,NA,NA,1,seed set
Chamaecrista,Chamaecrista glaucofilix,Chamaecrista blanchetii,no,no,NA,2.2752,2.128,0,0,NA,NA,1,seed set
Chamaecrista,Chamaecrista glaucofilix,Chamaecrista confertiformis,no,no,NA,2.2752,0.625,0,0,NA,NA,1,seed set
Chiloglottis,Chiloglottis valida,Chiloglottis jeanesii,no,no,Chiloglottis,71.7,84.2,82.1,88.3,NA,NA,-0.0444,seed set
Clarkia,Clarkia borealis,Clarkia mildrediae,no,no,Clarkia01,79.2,100,91.7,66.3,NA,NA,0.0629,seed set
Clarkia,Clarkia borealis,Clarkia australis,no,no,NA,79.2,91.3,69.2,41,NA,NA,0.2148,seed set
Clarkia,Clarkia borealis,Clarkia mosquinii,no,no,NA,79.2,100,11.3,32.5,NA,NA,0.6072,seed set
Clarkia,Clarkia borealis,Clarkia virgata,no,no,NA,79.2,74.2,7.83,4.11,NA,NA,0.8556,seed set
Clarkia,Clarkia mildrediae,Clarkia australis,no,no,NA,100,91.3,40,57.5,NA,NA,0.3248,seed set
Clarkia,Clarkia mildrediae,Clarkia mosquinii,no,no,NA,100,100,0,30,NA,NA,0.7391,seed set
Clarkia,Clarkia mildrediae,Clarkia virgata,no,no,NA,100,74.2,0,2.86,NA,NA,0.9677,seed set
Clarkia,Clarkia mosquinii,Clarkia australis,no,no,NA,100,91.3,47.5,60,NA,NA,0.2805,seed set
Clarkia,Clarkia mosquinii,Clarkia virgata,no,no,NA,100,74.2,47.9,55.7,NA,NA,0.2541,seed set
Clarkia,Clarkia tembloriensis,Clarkia exilis,no,no,Clarkia02,39.85,37,43.2,47,NA,NA,-0.0799,seed set
Clarkia,Clarkia tembloriensis,Clarkia unguiculata,no,no,NA,39.85,58.4,0.9,12.5,NA,NA,0.76,seed set
Clarkia,Clarkia unguiculata,Clarkia exilis,no,no,NA,58.4,37,7.9,2.4,NA,NA,0.8051,seed set
Clarkia,Clarkia virgata,Clarkia australis,no,no,Clarkia03,74.2,91.3,11.9,11.8,NA,NA,0.7495,seed set
Corymbia,Corymbia torelliana,Corymbia citriodora,yes1,yes,Corymbia,22.875,NA,14.3,NA,NA,NA,0.2307,seed number per fruit
Corymbia,Corymbia torelliana,Corymbia citriodora,yes1,no,Corymbia,36.9,6.6,19.5,5,NA,NA,0.2794,seed number per fruit
Corymbia,Corymbia torelliana,Corymbia clarksoniana,no,no,NA,22.875,NA,9.1,NA,NA,NA,0.4308,seed number per fruit
Corymbia,Corymbia torelliana,Corymbia dallachiana,no,no,NA,22.875,NA,3.7,NA,NA,NA,0.7215,seed number per fruit
Corymbia,Corymbia torelliana,Corymbia erythrophloia,no,no,NA,22.875,NA,10.8,NA,NA,NA,0.3586,seed number per fruit
Corymbia,Corymbia torelliana,Corymbia ficifolia,no,no,NA,22.875,NA,0.7,NA,NA,NA,0.9406,seed number per fruit
Corymbia,Corymbia torelliana,Corymbia intermedia,no,no,NA,22.875,NA,8.2,NA,NA,NA,0.4722,seed number per fruit
Corymbia,Corymbia torelliana,Corymbia maculata,no,no,NA,22.875,NA,6.85,NA,NA,NA,0.5391,seed number per fruit
Corymbia,Corymbia torelliana,Corymbia ptychocarpa,no,no,NA,22.875,NA,2.2,NA,NA,NA,0.8245,seed number per fruit
Corymbia,Corymbia torelliana,Corymbia tessellaris,no,no,NA,22.875,NA,5.55,NA,NA,NA,0.6095,seed number per fruit
Corymbia,Corymbia torelliana,Corymbia trachyphloia,no,no,NA,22.875,NA,1,NA,NA,NA,0.9162,seed number per fruit
Costus,Costus allenii,Costus guanaiensis,no,no,NA,50.4,109.8,26.6,35.3,NA,NA,0.4426,seed number per fruit
Costus,Costus allenii,Costus laevis,no,no,NA,50.4,53.4,2.9,0.8,NA,NA,0.9312,seed number per fruit
Costus,Costus allenii,Costus pulverulentus,no,no,NA,38.7,NA,14.4,NA,NA,NA,0.4576,seed number per fruit
Costus,Costus allenii,Costus scaber,no,no,NA,38.7,NA,1.75,NA,NA,NA,0.9135,seed number per fruit
Costus,Costus allenii,Costus villosissimus,no,no,NA,29.6,30.6,22.7,21.8,NA,NA,0.15,seed number per fruit
Costus,Costus bracteatus,Costus lasius,no,no,Costus01,22.7,8.2,1.41,2.2,NA,NA,0.7908,seed number per fruit
Costus,Costus elegans,Costus scaber,no,no,NA,32.3,NA,0.2,NA,NA,NA,0.9877,seed number per fruit
Costus,Costus elegans,Costus pulverulentus,no,no,NA,32.3,27.2,3.9,6,NA,NA,0.7147,seed number per fruit
Costus,Costus guanaiensis,Costus villosissimus,no,no,Costus02,73.2,57.2,43.4,41.4,NA,NA,0.2119,seed number per fruit
Costus,Costus guanaiensis,Costus laevis,no,no,NA,109.8,53.4,55.3,2.4,NA,NA,0.4776,seed number per fruit
Costus,Costus laevis,Costus elegans,no,no,NA,80.2,32.3,4.7,9.5,NA,NA,0.7758,seed number per fruit
Costus,Costus laevis,Costus pulverulentus,no,no,NA,6.7,NA,4.9,NA,NA,NA,0.1552,seed number per fruit
Costus,Costus laevis,Costus scaber,no,no,NA,6.7,NA,2.17,NA,NA,NA,0.5107,seed number per fruit
Costus,Costus pulverulentus,Costus scaber,no,no,NA,19.79,7.02,0.49,1.45,NA,NA,0.865,seed set
Costus,Costus scaber,Costus woodsonii,no,no,Costus03,6.1,8.8,6.5,2.1,NA,NA,0.2681,seed number per fruit
Costus,Costus scaber,Costus lasius,no,no,NA,12.8,NA,12.2,NA,NA,NA,0.024,seed number per fruit
Cyrtandra,Cyrtandra kauaiensis,Cyrtandra longifolia,no,no,Cyrtandra,56,32.2,48.7,20.8,NA,NA,0.1186,fruit set
Cyrtandra,Cyrtandra paludosa,Cyrtandra platyphylla,no,no,NA,47.3,15.6,39.7,22.3,NA,NA,0.0072,fruit set
Dactylorhiza,Dactylorhiza maculata,Dactylorhiza incarnata,no,no,Dactylorhiza,58.31,49.42,43.44,35.23,NA,NA,0.1559,seed set
Dendrobium,Dendrobium farmeri,Dendrobium secundum,no,no,NA,0.95,0.403529412,0,NA,NA,NA,1,seed set
Dendrobium,Dendrobium linguella,Dendrobium aphyllum,no,no,NA,0.98,0.211111111,0,NA,NA,NA,1,seed set
Dendrobium,Dendrobium linguella,Dendrobium farmeri,no,no,NA,0.98,0.95,0.024,NA,NA,NA,0.9515,seed set
Dendrobium,Dendrobium linguella,Dendrobium secundum,no,no,NA,0.98,0.403529412,0,NA,NA,NA,1,seed set
Dendrobium,Dendrobium secundum,Dendrobium aphyllum,no,no,Dendrobium,0.403529412,0.211111111,0,NA,NA,NA,1,seed set
Dendrobium,Dendrobium secundum,Dendrobium chrysotoxum,no,no,NA,0.403529412,0.88,0,NA,NA,NA,1,seed set
Dianthus,Dianthus carthusianorum,Dianthus sylvestris,no,no,Dianthus,34.8384,27.5035,30.465,38.4588,NA,NA,-0.0501,seed set
Diplacus,Diplacus brevipes,Diplacus fremontii,no,no,NA,0.86877,0.340054,0.5617,0.022368,NA,NA,0.3485,seed set
Diplacus,Diplacus johnstonii,Diplacus brevipes,no,no,Diplacus,0.39146,0.86877,0,0,NA,NA,1,seed set
Diplacus,Diplacus johnstonii,Diplacus fremontii,no,no,NA,0.39146,0.340054,0,0.007425,NA,NA,0.9799,seed set
Elymus,Elymus tenuispicus,Elymus pendulinus,no,no,Elymus,91,93,NA,1.1,NA,NA,0.9764,seed set
Elymus,Elymus tenuispicus,Elymus ciliaris,no,no,NA,91,92,NA,0,NA,NA,1,seed set
Epidendrum,Epidendrum calanthum,Epidendrum cochlidium,no,no,NA,91.5,97.6,90.9,59.6,NA,NA,0.1137,fruit set
Epidendrum,Epidendrum calanthum,Epidendrum schistochilum,no,no,NA,91.5,96.5,75.9,93.4,NA,NA,0.0523,fruit set
Epidendrum,Epidendrum cochlidium,Epidendrum schistochilum,no,no,NA,97.6,96.5,54.8,92.2,NA,NA,0.1381,fruit set
Epidendrum,Epidendrum denticulatum,Epidendrum orchidiflorum,no,no,NA,16.7,20,13.5,13.9,NA,NA,0.1451,fruit set
Epidendrum,Epidendrum madsenii,Epidendrum rhopalostele,no,no,NA,0.90133333,0.7765,0.6105,0.907,NA,NA,0.0502,fruit set
Epidendrum,Epidendrum secundum,Epidendrum xanthinum,no,no,Epidendrum,0.65,0.82,0.57,0.59,NA,NA,0.1179,seed set
Erica,Erica coccinea,Erica abietina,no,no,NA,,,,,NA,NA,0.85,seed set
Erica,Erica curviflora,Erica plukenetii,no,no,NA,,,,,NA,NA,0.49,seed set
Erica,Erica plukenetii,Erica coccinea,no,no,Erica,,,,,NA,NA,0.78,seed set
Erythranthe,Erythranthe caespitosa,Erythranthe minor,no,no,Erythranthe01,0.95,0.92,0.96,0.84,NA,NA,0.0191,seed number per fruit
Erythranthe,Erythranthe caespitosa,Erythranthe tilingii,no,no,NA,0.95,0.91,0.2,0.91,NA,NA,0.2525,seed number per fruit
Erythranthe,Erythranthe decora,Erythranthe guttata,no,no,Erythranthe02,181.8,211,153,139.4,NA,NA,0.1465,seed set
Erythranthe,Erythranthe guttata,Erythranthe nasuta,yes1,yes,NA,NA,NA,NA,NA,0.054,0.491,0.455,pollen competition
Erythranthe,Erythranthe guttata,Erythranthe nudata,no,no,NA,84,77.3,0,0,NA,NA,1,seed set
Erythranthe,Erythranthe guttata,Erythranthe nasuta,yes1,no,NA,NA,NA,NA,NA,0.138,0.545,0.317,pollen competition
Erythranthe,Erythranthe lutea,Erythranthe cuprea,no,no,Erythranthe03,169,55,98,52,NA,NA,0.1979,seed number per fruit
Erythranthe,Erythranthe minor,Erythranthe tilingii,no,no,NA,0.92,0.91,0.01,0.76,NA,NA,0.4077,seed number per fruit
Erythranthe,Erythranthe verbenacea,Erythranthe lewisii,yes2,yes,Erythranthe04,2624,1426,1342,848,NA,NA,0.2981,seed number per fruit
Erythranthe,Erythranthe verbenacea,Erythranthe lewisii,yes2,no,Erythranthe04,NA,NA,NA,NA,0.056,0.5,0.444,pollen competition
Eucalyptus,Eucalyptus archeri,Eucalyptus nitens,no,no,NA,4.1,NA,0.4,NA,NA,NA,0.8222,seed set
Eucalyptus,Eucalyptus barberi,Eucalyptus nitens,no,no,NA,3.8,NA,5.1,NA,NA,NA,-0.1461,seed set
Eucalyptus,Eucalyptus cordata,Eucalyptus nitens,no,no,NA,1.2,NA,0,NA,NA,NA,1,seed set
Eucalyptus,Eucalyptus dalrympleana,Eucalyptus nitens,no,no,NA,0.4,NA,0.2,NA,NA,NA,0.3333,seed set
Eucalyptus,Eucalyptus globulus,Eucalyptus nitens,no,no,Eucalyptus,23.7,9,0,5.4,NA,NA,0.7165,seed set
Eucalyptus,Eucalyptus gunnii,Eucalyptus nitens,no,no,NA,6.3,NA,1.1,NA,NA,NA,0.7027,seed set
Eucalyptus,Eucalyptus morrisbyi,Eucalyptus nitens,no,no,NA,9.2,NA,6.9,NA,NA,NA,0.1429,seed set
Eucalyptus,Eucalyptus ovata,Eucalyptus globulus,no,no,NA,4.8,8.4,5.4,NA,NA,NA,0.1,seed number per fruit
Eucalyptus,Eucalyptus ovata,Eucalyptus nitens,no,no,NA,0.7,NA,0.1,NA,NA,NA,0.75,seed set
Eucalyptus,Eucalyptus urnigera,Eucalyptus nitens,no,no,NA,3.3,NA,0,NA,NA,NA,1,seed set
Eucalyptus,Eucalyptus vernicosa,Eucalyptus nitens,no,no,NA,0.4,NA,0,NA,NA,NA,1,seed set
Eucalyptus,Eucalyptus viminalis,Eucalyptus nitens,no,no,NA,0.5,NA,0.3,NA,NA,NA,0.25,seed set
Gymnadenia,Gymnadenia conopsea,Gymnadenia odoratissima,no,no,Gymnadenia,0.8612706,0.90631833,0.77793222,0.78238496,NA,NA,0.0623,seed set
Habenaria,Habenaria davidii,Habenaria fordii,no,no,NA,67.48,60.85,0,0,NA,NA,1,seed set
Habenaria,Habenaria davidii,Habenaria delavayi,no,no,NA,0.81,0.69,0,0,NA,NA,1,seed set
Habenaria,Habenaria limprichtii,Habenaria davidii,no,no,Habenaria,0.77,0.81,0.68,0.79,NA,NA,0.0361,seed set
Habenaria,Habenaria limprichtii,Habenaria delavayi,no,no,NA,0.77,0.69,0,0,NA,NA,1,seed set
Helianthus,Helianthus grosseserratus,Helianthus mollis,no,no,NA,NA,NA,NA,NA,0,NA,1,pollen competition
Helianthus,Helianthus mollis,Helianthus occidentalis,no,no,Helianthus02,NA,NA,NA,NA,0.2,NA,0.6,pollen competition
Helianthus,Helianthus petiolaris,Helianthus annuus,yes2,yes,Helianthus01,87.2,86.85,89.05,88.8,NA,NA,-0.0108,seed set
Helianthus,Helianthus petiolaris,Helianthus annuus,yes2,no,Helianthus01,NA,NA,NA,NA,0.004,0.029,0.967,pollen competition
Hemerocallis,Hemerocallis fulva,Hemerocallis citrina,no,no,Hemerocallis,0.24,0.21,0.11,0.22,NA,NA,0.1538,seed set
Hibiscus,Hibiscus moscheutos,Hibiscus laevis,yes2,yes,Hibiscus,109,64,70,50,NA,NA,0.1809,seed number per fruit
Hibiscus,Hibiscus moscheutos,Hibiscus laevis,yes2,no,Hibiscus,NA,NA,NA,NA,0.08,0.074,0.846,pollen competition
Hydrophyllum,Hydrophyllum appendiculatum,Hydrophyllum canadense,no,no,NA,89,70,0,0,NA,NA,1,fruit set
Hydrophyllum,Hydrophyllum appendiculatum,Hydrophyllum capitatum,no,no,NA,89,78.666666,0,0,NA,NA,1,fruit set
Hydrophyllum,Hydrophyllum appendiculatum,Hydrophyllum fendleri,no,no,NA,89,71,0,0,NA,NA,1,fruit set
Hydrophyllum,Hydrophyllum appendiculatum,Hydrophyllum macrophyllum,no,no,NA,89,42,0,0,NA,NA,1,fruit set
Hydrophyllum,Hydrophyllum appendiculatum,Hydrophyllum occidentale,no,no,NA,89,32,0,0,NA,NA,1,fruit set
Hydrophyllum,Hydrophyllum appendiculatum,Hydrophyllum tenuipes,no,no,NA,89,66,0,0,NA,NA,1,fruit set
Hydrophyllum,Hydrophyllum appendiculatum,Hydrophyllum virginianum,no,no,NA,89,61,0,0,NA,NA,1,fruit set
Hydrophyllum,Hydrophyllum canadense,Hydrophyllum virginianum,no,no,Hydrophyllum,70,61,0,0,NA,NA,1,fruit set
Hydrophyllum,Hydrophyllum canadense,Hydrophyllum capitatum,no,no,NA,70,78.666666,0,0,NA,NA,1,fruit set
Hydrophyllum,Hydrophyllum canadense,Hydrophyllum fendleri,no,no,NA,70,71,0,0,NA,NA,1,fruit set
Hydrophyllum,Hydrophyllum canadense,Hydrophyllum macrophyllum,no,no,NA,70,42,0,0,NA,NA,1,fruit set
Hydrophyllum,Hydrophyllum canadense,Hydrophyllum occidentale,no,no,NA,70,32,0,0,NA,NA,1,fruit set
Hydrophyllum,Hydrophyllum canadense,Hydrophyllum tenuipes,no,no,NA,70,66,0,0,NA,NA,1,fruit set
Hydrophyllum,Hydrophyllum capitatum,Hydrophyllum fendleri,no,no,NA,78.666666,71,0,0,NA,NA,1,fruit set
Hydrophyllum,Hydrophyllum capitatum,Hydrophyllum macrophyllum,no,no,NA,78.666666,42,0,0,NA,NA,1,fruit set
Hydrophyllum,Hydrophyllum capitatum,Hydrophyllum occidentale,no,no,NA,78.666666,32,0,0,NA,NA,1,fruit set
Hydrophyllum,Hydrophyllum capitatum,Hydrophyllum tenuipes,no,no,NA,78.666666,66,0,0,NA,NA,1,fruit set
Hydrophyllum,Hydrophyllum capitatum,Hydrophyllum virginianum,no,no,NA,78.666666,61,0,0,NA,NA,1,fruit set
Hydrophyllum,Hydrophyllum fendleri,Hydrophyllum macrophyllum,no,no,NA,71,42,0,0,NA,NA,1,fruit set
Hydrophyllum,Hydrophyllum fendleri,Hydrophyllum occidentale,no,no,NA,71,32,0,0,NA,NA,1,fruit set
Hydrophyllum,Hydrophyllum fendleri,Hydrophyllum tenuipes,no,no,NA,71,66,0,0,NA,NA,1,fruit set
Hydrophyllum,Hydrophyllum fendleri,Hydrophyllum virginianum,no,no,NA,71,61,0,0,NA,NA,1,fruit set
Hydrophyllum,Hydrophyllum macrophyllum,Hydrophyllum occidentale,no,no,NA,42,32,0,0,NA,NA,1,fruit set
Hydrophyllum,Hydrophyllum macrophyllum,Hydrophyllum tenuipes,no,no,NA,42,66,0,0,NA,NA,1,fruit set
Hydrophyllum,Hydrophyllum macrophyllum,Hydrophyllum virginianum,no,no,NA,42,61,0,0,NA,NA,1,fruit set
Hydrophyllum,Hydrophyllum occidentale,Hydrophyllum tenuipes,no,no,NA,32,66,0,0,NA,NA,1,fruit set
Hydrophyllum,Hydrophyllum occidentale,Hydrophyllum virginianum,no,no,NA,32,61,0,0,NA,NA,1,fruit set
Hydrophyllum,Hydrophyllum tenuipes,Hydrophyllum virginianum,no,no,NA,66,61,10,11,NA,NA,0.7162,fruit set
Iochroma,Iochroma cyaneum,Iochroma gesnerioides,no,no,Iochroma,1,1,0.04,0.15,NA,NA,0.8265,seed set
Ipomoea,Ipomoea cavalcantei,Ipomoea marabensis,no,no,Ipomoea01,82,85,80,85,NA,NA,0.006,seed set
Ipomoea,Ipomoea cordatotriloba,Ipomoea lacunosa,no,no,Ipomoea02,1.63,1.91,0.0748,0.0658,NA,NA,0.9236,seed set
Ipomopsis,Ipomopsis aggregata,Ipomopsis arizonica,yes2,yes,Ipomopsis,2.96,2.78,0.05,1.49,NA,NA,0.5769,seed set
Ipomopsis,Ipomopsis aggregata,Ipomopsis tenuituba,yes2,yes,NA,6.3,4.5,4.3,5,NA,NA,0.0746,seed set
Ipomopsis,Ipomopsis aggregata,Ipomopsis tenuituba,yes1,yes,NA,NA,NA,NA,NA,0.53,0.5,-0.03,pollen competition
Ipomopsis,Ipomopsis aggregata,Ipomopsis arizonica,yes2,no,Ipomopsis,NA,NA,NA,NA,0,0.4075,0.5925,pollen competition
Ipomopsis,Ipomopsis aggregata,Ipomopsis tenuituba,yes1,no,NA,NA,NA,NA,NA,0.34,0.63,0.03,pollen competition
Iris,Iris atrofusca,Iris mariae,no,no,Iris01,0.52,0.74,0.86,0.73,NA,NA,-0.1158,seed set
Iris,Iris brevicaulis,Iris fulva,no,no,Iris02,NA,NA,NA,NA,0.39,0.24,0.37,pollen competition
Iris,Iris fulva,Iris hexagona,yes2,yes,NA,50,30,33,30,NA,NA,0.1189,seed set
Iris,Iris fulva,Iris hexagona,yes1,yes,NA,NA,NA,NA,NA,0,0,1,pollen competition
Iris,Iris fulva,Iris hexagona,yes1,yes,NA,NA,NA,NA,NA,0.05,0.31,0.64,pollen competition
Iris,Iris fulva,Iris hexagona,yes1,no,NA,NA,NA,NA,NA,0.05,0.3,0.65,pollen competition
Jaltomata,Jaltomata calliantha,Jaltomata darcyana,no,no,NA,60.5986395,33.7777778,0,10.45,NA,NA,0.8006,seed set
Jaltomata,Jaltomata calliantha,Jaltomata dendroidea,no,no,NA,60.5986395,18,0,93.1034483,NA,NA,-0.0845,seed set
Jaltomata,Jaltomata calliantha,Jaltomata grandibaccata,no,no,NA,60.5986395,24.6,0,NA,NA,NA,1,seed set
Jaltomata,Jaltomata calliantha,Jaltomata procumbens,no,no,NA,60.5986395,41.8181818,0,0.36363636,NA,NA,0.9929,seed set
Jaltomata,Jaltomata calliantha,Jaltomata quipuscoae,no,no,NA,60.5986395,112.125,82.5,40.5,NA,NA,0.1681,seed set
Jaltomata,Jaltomata calliantha,Jaltomata repandidentata,no,no,NA,60.5986395,33.9130435,0,16.46875,NA,NA,0.7032,seed set
Jaltomata,Jaltomata calliantha,Jaltomata sinuosa,no,no,NA,60.5986395,68.625,0,90,NA,NA,0.1789,seed set
Jaltomata,Jaltomata calliantha,Jaltomata umbellata,no,no,NA,60.5986395,14.009434,0,4.2,NA,NA,0.8934,seed set
Jaltomata,Jaltomata calliantha,Jaltomata yungayensis,no,no,NA,60.5986395,26.52,0,0,NA,NA,1,seed set
Jaltomata,Jaltomata darcyana,Jaltomata repandidentata,no,no,Jaltomata01,33.7777778,33.9130435,1.66666667,2.30769231,NA,NA,0.8891,seed set
Jaltomata,Jaltomata darcyana,Jaltomata dendroidea,no,no,NA,33.7777778,18,0.85,NA,NA,NA,0.9364,seed set
Jaltomata,Jaltomata darcyana,Jaltomata grandibaccata,no,no,NA,33.7777778,24.6,0.9,NA,NA,NA,0.9402,seed set
Jaltomata,Jaltomata darcyana,Jaltomata procumbens,no,no,NA,33.7777778,41.8181818,3.09677419,0,NA,NA,0.9213,seed set
Jaltomata,Jaltomata darcyana,Jaltomata quipuscoae,no,no,NA,33.7777778,112.125,5.4375,0.95833333,NA,NA,0.916,seed set
Jaltomata,Jaltomata darcyana,Jaltomata sinuosa,no,no,NA,33.7777778,68.625,0,42.8275862,NA,NA,0.4102,seed set
Jaltomata,Jaltomata darcyana,Jaltomata umbellata,no,no,NA,33.7777778,14.009434,0.375,0.4,NA,NA,0.9681,seed set
Jaltomata,Jaltomata darcyana,Jaltomata yungayensis,no,no,NA,33.7777778,26.52,1.79166667,0,NA,NA,0.9423,seed set
Jaltomata,Jaltomata dendroidea,Jaltomata umbellata,no,no,Jaltomata02,18,14.009434,NA,0,NA,NA,1,seed set
Jaltomata,Jaltomata dendroidea,Jaltomata procumbens,no,no,NA,18,41.8181818,NA,0,NA,NA,1,seed set
Jaltomata,Jaltomata dendroidea,Jaltomata quipuscoae,no,no,NA,18,112.125,134,0.375,NA,NA,-0.0161,seed set
Jaltomata,Jaltomata dendroidea,Jaltomata repandidentata,no,no,NA,18,33.9130435,NA,0.54166667,NA,NA,0.9591,seed set
Jaltomata,Jaltomata dendroidea,Jaltomata sinuosa,no,no,NA,18,68.625,NA,45,NA,NA,-0.0191,seed set
Jaltomata,Jaltomata dendroidea,Jaltomata yungayensis,no,no,NA,18,26.52,NA,0,NA,NA,1,seed set
Jaltomata,Jaltomata grandibaccata,Jaltomata procumbens,no,no,NA,24.6,41.8181818,NA,0,NA,NA,1,seed set
Jaltomata,Jaltomata grandibaccata,Jaltomata quipuscoae,no,no,NA,24.6,112.125,NA,4.8125,NA,NA,0.8685,seed set
Jaltomata,Jaltomata grandibaccata,Jaltomata repandidentata,no,no,NA,24.6,33.9130435,NA,0,NA,NA,1,seed set
Jaltomata,Jaltomata grandibaccata,Jaltomata sinuosa,no,no,NA,24.6,68.625,NA,77.3541667,NA,NA,-0.248,seed set
Jaltomata,Jaltomata grandibaccata,Jaltomata umbellata,no,no,NA,24.6,14.009434,NA,0,NA,NA,1,seed set
Jaltomata,Jaltomata grandibaccata,Jaltomata yungayensis,no,no,NA,24.6,26.52,NA,0,NA,NA,1,seed set
Jaltomata,Jaltomata procumbens,Jaltomata quipuscoae,no,no,NA,41.8181818,112.125,0,2.29166667,NA,NA,0.9707,seed set
Jaltomata,Jaltomata procumbens,Jaltomata repandidentata,no,no,NA,41.8181818,33.9130435,0.87719298,9,NA,NA,0.7692,seed set
Jaltomata,Jaltomata procumbens,Jaltomata sinuosa,no,no,NA,41.8181818,68.625,0,50.1923077,NA,NA,0.3751,seed set
Jaltomata,Jaltomata procumbens,Jaltomata umbellata,no,no,NA,41.8181818,14.009434,2.28571429,0,NA,NA,0.9213,seed set
Jaltomata,Jaltomata procumbens,Jaltomata yungayensis,no,no,NA,41.8181818,26.52,0,0,NA,NA,1,seed set
Jaltomata,Jaltomata quipuscoae,Jaltomata repandidentata,no,no,NA,112.125,33.9130435,0.3125,17.4166667,NA,NA,0.7835,seed set
Jaltomata,Jaltomata quipuscoae,Jaltomata sinuosa,no,no,NA,112.125,68.625,0,74,NA,NA,0.419,seed set
Jaltomata,Jaltomata quipuscoae,Jaltomata umbellata,no,no,NA,112.125,14.009434,5.72916667,0,NA,NA,0.9131,seed set
Jaltomata,Jaltomata quipuscoae,Jaltomata yungayensis,no,no,NA,112.125,26.52,1.60416667,0,NA,NA,0.9771,seed set
Jaltomata,Jaltomata repandidentata,Jaltomata sinuosa,no,no,NA,33.9130435,68.625,0.13333333,47,NA,NA,0.3702,seed set
Jaltomata,Jaltomata repandidentata,Jaltomata umbellata,no,no,NA,33.9130435,14.009434,1.33333333,NA,NA,NA,0.8946,seed set
Jaltomata,Jaltomata repandidentata,Jaltomata yungayensis,no,no,NA,33.9130435,26.52,0,0,NA,NA,1,seed set
Jaltomata,Jaltomata sinuosa,Jaltomata umbellata,yes1,yes,NA,68.625,14.009434,71,2.16666667,NA,NA,0.0608,seed set
Jaltomata,Jaltomata sinuosa,Jaltomata yungayensis,no,no,Jaltomata03,68.625,26.52,46.125,0,NA,NA,0.347,seed set
Jaltomata,Jaltomata sinuosa,Jaltomata umbellata,yes1,no,NA,74.87,30.44,36.06,36.06,NA,NA,0.1871,seed set
Jaltomata,Jaltomata umbellata,Jaltomata yungayensis,no,no,NA,14.009434,26.52,0,0,NA,NA,1,seed set
Kalmia,Kalmia angustifolia,Kalmia polifolia,no,no,Kalmia01,36,69.5,7,2,NA,NA,0.8428,fruit set
Kalmia,Kalmia angustifolia,Kalmia cuneata,no,no,NA,36,1,4,0,NA,NA,0.8049,fruit set
Kalmia,Kalmia angustifolia,Kalmia hirsuta,no,no,NA,36,24,3,13,NA,NA,0.5789,fruit set
Kalmia,Kalmia angustifolia,Kalmia latifolia,no,no,NA,36,62,18,0,NA,NA,0.6897,fruit set
Kalmia,Kalmia cuneata,Kalmia hirsuta,no,no,NA,1,24,0,12,NA,NA,0.3514,fruit set
Kalmia,Kalmia cuneata,Kalmia latifolia,no,no,NA,1,62,0,0,NA,NA,1,fruit set
Kalmia,Kalmia cuneata,Kalmia polifolia,no,no,NA,1,69.5,0,0,NA,NA,1,fruit set
Kalmia,Kalmia hirsuta,Kalmia latifolia,no,no,Kalmia02,24,62,18,7,NA,NA,0.5495,fruit set
Kalmia,Kalmia hirsuta,Kalmia polifolia,no,no,NA,24,69.5,2.5,0,NA,NA,0.9479,fruit set
Kalmia,Kalmia latifolia,Kalmia polifolia,no,no,NA,62,69.5,0,11,NA,NA,0.8456,fruit set
Lactuca,Lactuca saligna,Lactuca serriola,no,no,NA,100,100,30,5,NA,NA,0.7021,fruit set
Lactuca,Lactuca virosa,Lactuca saligna,no,no,Lactuca,43,100,0,0,NA,NA,1,fruit set
Lactuca,Lactuca virosa,Lactuca serriola,no,no,NA,43,100,37,62,NA,NA,0.1818,fruit set
Leavenworthia,Leavenworthia alabamica,Leavenworthia crassa,no,no,Leavenworthia,0.38,0.46,0.41,0.46,NA,NA,-0.0175,seed set
Leptosiphon,Leptosiphon nuttallii,Leptosiphon floribundus,no,no,Leptosiphon01,23.54545455,47.83333333,1,1,NA,NA,0.9455,seed set
Leptosiphon,Leptosiphon pachyphyllus,Leptosiphon melingii,no,no,Leptosiphon02,45.66666667,36,6,8,NA,NA,0.7073,seed set
Leucaena,Leucaena collinsii,Leucaena lanceolata,no,no,Leucaena01,46.7,80.9,54,43,NA,NA,0.1362,seed set
Leucaena,Leucaena collinsii,Leucaena diversifolia,no,no,NA,46.7,28.5,0.2,23,NA,NA,0.5285,seed set
Leucaena,Leucaena collinsii,Leucaena esculenta,no,no,NA,46.7,7,2.2,0,NA,NA,0.9213,seed set
Leucaena,Leucaena collinsii,Leucaena greggii,no,no,NA,46.7,18,0.07,0,NA,NA,0.9978,seed set
Leucaena,Leucaena collinsii,Leucaena macrophylla,no,no,NA,46.7,22,7,21,NA,NA,0.4209,seed set
Leucaena,Leucaena collinsii,Leucaena multicapitula,no,no,NA,46.7,37.7,8,3.2,NA,NA,0.7657,seed set
Leucaena,Leucaena collinsii,Leucaena pulverulenta,no,no,NA,46.7,93.4,8,78,NA,NA,0.2393,seed set
Leucaena,Leucaena collinsii,Leucaena retusa,no,no,NA,46.7,70.2,0,6,NA,NA,0.9024,seed set
Leucaena,Leucaena collinsii,Leucaena salvadorensis,no,no,NA,46.7,68.2,2.9,14,NA,NA,0.7436,seed set
Leucaena,Leucaena collinsii,Leucaena shannonii,no,no,NA,46.7,17,17,18,NA,NA,0.2908,seed set
Leucaena,Leucaena collinsii,Leucaena trichodes,no,no,NA,46.7,37.7,0,6,NA,NA,0.8673,seed set
Leucaena,Leucaena diversifolia,Leucaena pulverulenta,no,no,Leucaena02,28.5,93.4,8,3.3,NA,NA,0.8303,seed set
Leucaena,Leucaena diversifolia,Leucaena esculenta,no,no,NA,28.5,7,2.2,0,NA,NA,0.8833,seed set
Leucaena,Leucaena diversifolia,Leucaena greggii,no,no,NA,28.5,18,1.1,0,NA,NA,0.9538,seed set
Leucaena,Leucaena diversifolia,Leucaena lanceolata,no,no,NA,28.5,80.9,31,2.5,NA,NA,0.5311,seed set
Leucaena,Leucaena diversifolia,Leucaena leucocephala,no,no,NA,54.2,131.1,53,73,NA,NA,0.1905,seed set
Leucaena,Leucaena diversifolia,Leucaena macrophylla,no,no,NA,28.5,22,7,1.8,NA,NA,0.7032,seed set
Leucaena,Leucaena diversifolia,Leucaena multicapitula,no,no,NA,28.5,37.7,19,0,NA,NA,0.554,seed set
Leucaena,Leucaena diversifolia,Leucaena pallida,no,no,NA,54.2,14.8,18,14,NA,NA,0.3663,seed set
Leucaena,Leucaena diversifolia,Leucaena retusa,no,no,NA,28.5,70.2,0,0,NA,NA,1,seed set
Leucaena,Leucaena diversifolia,Leucaena salvadorensis,no,no,NA,28.5,68.2,8,0,NA,NA,0.8472,seed set
Leucaena,Leucaena diversifolia,Leucaena shannonii,no,no,NA,28.5,17,21,12,NA,NA,0.1592,seed set
Leucaena,Leucaena diversifolia,Leucaena trichodes,no,no,NA,28.5,37.7,0,0.8,NA,NA,0.9761,seed set
Leucaena,Leucaena esculenta,Leucaena greggii,no,no,NA,7,18,0,NA,NA,NA,1,seed set
Leucaena,Leucaena esculenta,Leucaena lanceolata,no,no,NA,7,80.9,0,0,NA,NA,1,seed set
Leucaena,Leucaena esculenta,Leucaena macrophylla,no,no,NA,7,22,0,0,NA,NA,1,seed set
Leucaena,Leucaena esculenta,Leucaena multicapitula,no,no,NA,7,37.7,0,0,NA,NA,1,seed set
Leucaena,Leucaena esculenta,Leucaena pulverulenta,no,no,NA,7,93.4,0,4.9,NA,NA,0.9069,seed set
Leucaena,Leucaena esculenta,Leucaena retusa,no,no,NA,7,70.2,0,21,NA,NA,0.5723,seed set
Leucaena,Leucaena esculenta,Leucaena salvadorensis,no,no,NA,7,68.2,0.07,20,NA,NA,0.5787,seed set
Leucaena,Leucaena esculenta,Leucaena shannonii,no,no,NA,7,17,2,2.3,NA,NA,0.6961,seed set
Leucaena,Leucaena esculenta,Leucaena trichodes,no,no,NA,7,37.7,0,0,NA,NA,1,seed set
Leucaena,Leucaena greggii,Leucaena retusa,no,no,Leucaena03,18,70.2,0.5,77,NA,NA,0.0646,seed set
Leucaena,Leucaena greggii,Leucaena lanceolata,no,no,NA,18,80.9,3,4.4,NA,NA,0.8608,seed set
Leucaena,Leucaena greggii,Leucaena macrophylla,no,no,NA,18,22,0,0,NA,NA,1,seed set
Leucaena,Leucaena greggii,Leucaena pulverulenta,no,no,NA,18,93.4,0,2.2,NA,NA,0.9613,seed set
Leucaena,Leucaena greggii,Leucaena salvadorensis,no,no,NA,18,68.2,0,0,NA,NA,1,seed set
Leucaena,Leucaena greggii,Leucaena shannonii,no,no,NA,18,17,0,4.5,NA,NA,0.7722,seed set
Leucaena,Leucaena greggii,Leucaena trichodes,no,no,NA,18,37.7,0,NA,NA,NA,1,seed set
Leucaena,Leucaena lanceolata,Leucaena macrophylla,no,no,NA,80.9,22,7,4.5,NA,NA,0.799,seed set
Leucaena,Leucaena lanceolata,Leucaena multicapitula,no,no,NA,80.9,37.7,24,36,NA,NA,0.3281,seed set
Leucaena,Leucaena lanceolata,Leucaena pulverulenta,no,no,NA,80.9,93.4,16,63,NA,NA,0.3762,seed set
Leucaena,Leucaena lanceolata,Leucaena retusa,no,no,NA,80.9,70.2,0,0.5,NA,NA,0.9934,seed set
Leucaena,Leucaena lanceolata,Leucaena salvadorensis,no,no,NA,80.9,68.2,21,32,NA,NA,0.4755,seed set
Leucaena,Leucaena lanceolata,Leucaena shannonii,no,no,NA,80.9,17,50,7,NA,NA,0.264,seed set
Leucaena,Leucaena lanceolata,Leucaena trichodes,no,no,NA,80.9,37.7,1.4,20,NA,NA,0.6943,seed set
Leucaena,Leucaena leucocephala,Leucaena pallida,no,no,Leucaena04,131.1,14.8,31,37,NA,NA,0.3642,seed set
Leucaena,Leucaena macrophylla,Leucaena trichodes,no,no,Leucaena05,22,37.7,16,2.1,NA,NA,0.5347,seed set
Leucaena,Leucaena macrophylla,Leucaena multicapitula,no,no,NA,22,37.7,11,54,NA,NA,-0.0425,seed set
Leucaena,Leucaena macrophylla,Leucaena pulverulenta,no,no,NA,22,93.4,4.9,9,NA,NA,0.785,seed set
Leucaena,Leucaena macrophylla,Leucaena retusa,no,no,NA,22,70.2,0,0,NA,NA,1,seed set
Leucaena,Leucaena macrophylla,Leucaena salvadorensis,no,no,NA,22,68.2,0,0,NA,NA,1,seed set
Leucaena,Leucaena macrophylla,Leucaena shannonii,no,no,NA,22,17,0,0,NA,NA,1,seed set
Leucaena,Leucaena multicapitula,Leucaena salvadorensis,no,no,Leucaena06,37.7,68.2,1.4,0,NA,NA,0.9739,seed set
Leucaena,Leucaena multicapitula,Leucaena pulverulenta,no,no,NA,37.7,93.4,0,0,NA,NA,1,seed set
Leucaena,Leucaena multicapitula,Leucaena retusa,no,no,NA,37.7,70.2,0,0,NA,NA,1,seed set
Leucaena,Leucaena multicapitula,Leucaena shannonii,no,no,NA,37.7,17,0,0,NA,NA,1,seed set
Leucaena,Leucaena multicapitula,Leucaena trichodes,no,no,NA,37.7,37.7,12,21,NA,NA,0.3911,seed set
Leucaena,Leucaena pulverulenta,Leucaena retusa,no,no,NA,93.4,70.2,1.2,6,NA,NA,0.9157,seed set
Leucaena,Leucaena pulverulenta,Leucaena salvadorensis,no,no,NA,93.4,68.2,0,6,NA,NA,0.9284,seed set
Leucaena,Leucaena pulverulenta,Leucaena shannonii,no,no,NA,93.4,17,30,1.2,NA,NA,0.5593,seed set
Leucaena,Leucaena pulverulenta,Leucaena trichodes,no,no,NA,93.4,37.7,0,0.8,NA,NA,0.9879,seed set
Leucaena,Leucaena retusa,Leucaena salvadorensis,no,no,NA,70.2,68.2,32,0,NA,NA,0.6244,seed set
Leucaena,Leucaena retusa,Leucaena shannonii,no,no,NA,70.2,17,49,0.2,NA,NA,0.2786,seed set
Leucaena,Leucaena retusa,Leucaena trichodes,no,no,NA,70.2,37.7,0,0,NA,NA,1,seed set
Leucaena,Leucaena salvadorensis,Leucaena shannonii,no,no,NA,68.2,17,17,5.6,NA,NA,0.5807,seed set
Leucaena,Leucaena salvadorensis,Leucaena trichodes,no,no,NA,68.2,37.7,0,0,NA,NA,1,seed set
Leucaena,Leucaena shannonii,Leucaena trichodes,no,no,NA,17,37.7,0,1.1,NA,NA,0.9606,seed set
Lupinus,Lupinus palaestinus,Lupinus pilosus,no,no,Lupinus,0.008,0.17,0.03,0.004,NA,NA,0.6792,seed set
Lythrum,Lythrum alatum,Lythrum salicaria,no,no,Lythrum,40.28,NA,0.69,NA,NA,NA,0.9663,seed set
Mussaenda,Mussaenda pubescens,Mussaenda kwangtungensis,no,no,Mussaenda,93,94.5,23.9,20.9,NA,NA,0.6143,fruit set
Narcissus,Narcissus miniatus,Narcissus cavanillesii,no,no,Narcissus,6.96,2.21,0.29,2.43,NA,NA,0.5425,seed set
Neotinea,Neotinea ustulata,Neotinea tridentata,no,no,Neotinea,0.81,0.81,0.74,0.73,NA,NA,0.0485,seed number per fruit
Nicotiana,Nicotiana bonariensis,Nicotiana forgetiana,no,no,Nicotiana01,0.9,1,0.5,0.4,NA,NA,0.3571,fruit set
Nicotiana,Nicotiana bonariensis,Nicotiana alata,no,no,NA,0.9,1,0.1,0,NA,NA,0.9,fruit set
Nicotiana,Nicotiana bonariensis,Nicotiana langsdorffii,no,no,NA,0.9,1,0.9,1,NA,NA,0,fruit set
Nicotiana,Nicotiana bonariensis,Nicotiana mutabilis,no,no,NA,0.9,0.8,1,0.9,NA,NA,-0.0556,fruit set
Nicotiana,Nicotiana forgetiana,Nicotiana alata,no,no,NA,1,1,1,1,NA,NA,0,fruit set
Nicotiana,Nicotiana langsdorffii,Nicotiana alata,no,no,Nicotiana02,1,1,0.8,0.6,NA,NA,0.1765,fruit set
Nicotiana,Nicotiana langsdorffii,Nicotiana forgetiana,no,no,NA,1,1,0.9,0.8,NA,NA,0.0811,fruit set
Nicotiana,Nicotiana longiflora,Nicotiana alata,no,no,NA,0.9,1,0.9,0,NA,NA,0.3571,fruit set
Nicotiana,Nicotiana longiflora,Nicotiana bonariensis,no,no,NA,0.9,0.9,0,0,NA,NA,1,fruit set
Nicotiana,Nicotiana longiflora,Nicotiana forgetiana,no,no,NA,0.9,1,0,0,NA,NA,1,fruit set
Nicotiana,Nicotiana longiflora,Nicotiana langsdorffii,no,no,NA,0.9,1,0,0,NA,NA,1,fruit set
Nicotiana,Nicotiana longiflora,Nicotiana mutabilis,no,no,NA,0.9,0.8,0,0,NA,NA,1,fruit set
Nicotiana,Nicotiana mutabilis,Nicotiana alata,no,no,NA,0.8,1,0.7,0.5,NA,NA,0.2,fruit set
Nicotiana,Nicotiana mutabilis,Nicotiana forgetiana,no,no,NA,0.8,1,0.9,0.9,NA,NA,0,fruit set
Nicotiana,Nicotiana mutabilis,Nicotiana langsdorffii,no,no,NA,0.8,1,0.8,0.8,NA,NA,0.0588,fruit set
Nicotiana,Nicotiana plumbaginifolia,Nicotiana longiflora,yes2,yes,Nicotiana03,0.8,0.9,0.9,0.7,NA,NA,0.0303,fruit set
Nicotiana,Nicotiana plumbaginifolia,Nicotiana longiflora,yes2,no,Nicotiana03,NA,NA,NA,NA,0.9261,0.0245,0.0494,pollen competition
Nicotiana,Nicotiana plumbaginifolia,Nicotiana alata,no,no,NA,0.8,1,1,0,NA,NA,0.2857,fruit set
Nicotiana,Nicotiana plumbaginifolia,Nicotiana bonariensis,no,no,NA,0.8,0.9,0.5,0,NA,NA,0.5455,fruit set
Nicotiana,Nicotiana plumbaginifolia,Nicotiana forgetiana,no,no,NA,0.8,1,1,0,NA,NA,0.2857,fruit set
Nicotiana,Nicotiana plumbaginifolia,Nicotiana langsdorffii,no,no,NA,0.8,1,1,0,NA,NA,0.2857,fruit set
Nicotiana,Nicotiana plumbaginifolia,Nicotiana mutabilis,no,no,NA,0.8,0.8,0.9,0,NA,NA,0.28,fruit set
Oenothera,Oenothera hexandra,Oenothera suffulta,no,no,Oenothera,47,98,52,52,NA,NA,0.1647,fruit set
Oenothera,Oenothera patriciae,Oenothera hexandra,no,no,NA,100,47,67,67,NA,NA,0.0463,fruit set
Oenothera,Oenothera patriciae,Oenothera suffulta,no,no,NA,100,98,96,96,NA,NA,0.0154,fruit set
Ophrys,Ophrys holoserica,Ophrys tenthredinifera,no,no,Ophrys,50.136,42.92517,35.4975,21.9961,NA,NA,0.2362,seed set
Opuntia,Opuntia elata,Opuntia anacantha,no,no,Opuntia,55.6,66.7,40,60,NA,NA,0.1003,fruit set
Orchis,Orchis italica,Orchis anthropophora,no,no,Orchis02,NA,NA,NA,NA,0,0,1,pollen competition
Orchis,Orchis mascula,Orchis provincialis,no,no,Orchis01,0.93,0.94,0,0,NA,NA,1,fruit set
Orchis,Orchis mascula,Orchis pauciflora,no,no,NA,NA,NA,NA,NA,0.9444,0.9524,-0.8968,pollen competition
Ostryopsis,Ostryopsis davidiana,Ostryopsis nobilis,no,no,Ostryopsis,86.11,92.91,8.19,13.69,NA,NA,0.7822,fruit set
Ostryopsis,Ostryopsis intermedia,Ostryopsis davidiana,no,no,NA,95.9,86.11,23.18,13.89,NA,NA,0.6616,fruit set
Ostryopsis,Ostryopsis intermedia,Ostryopsis nobilis,no,no,NA,95.9,92.91,16.78,14.79,NA,NA,0.7135,fruit set
Oxalis,Oxalis blastorrhiza,Oxalis metcalfei,no,no,NA,7,4,2,1.5,NA,NA,0.5172,seed set
Oxalis,Oxalis blastorrhiza,Oxalis tenella,no,no,NA,7,3.82,1,NA,NA,NA,0.688,seed set
Oxalis,Oxalis campicola,Oxalis xantha,no,no,Oxalis01,10,16.36,10,13.83,NA,NA,0.0504,seed set
Oxalis,Oxalis metcalfei,Oxalis gracilis,no,no,Oxalis02,4,5.6,3,NA,NA,NA,0.2308,seed set
Oxalis,Oxalis noctiflora,Oxalis blastorrhiza,no,no,NA,5,7,2,NA,NA,NA,0.5,seed set
Oxalis,Oxalis noctiflora,Oxalis tenella,no,no,NA,5,3.82,2,7,NA,NA,-0.0101,seed set
Pedicularis,Pedicularis comptoniifolia,Pedicularis tenuisecta,no,no,NA,53.1,35.3,0,1.1,NA,NA,0.9754,fruit set
Pedicularis,Pedicularis cranolopha,Pedicularis tricolor,no,no,Pedicularis01,0.1992,0.2464,0.0782,0.0368,NA,NA,0.5897,seed set
Pedicularis,Pedicularis gruina,Pedicularis tenuisecta,no,no,Pedicularis02,33.3,35.5,9.2,9.9,NA,NA,0.5654,fruit set
Pedicularis,Pedicularis rhinanthoides,Pedicularis longiflora,no,no,NA,NA,NA,0,NA,NA,NA,1,seed set
Pelargonium,Pelargonium pinnatum,Pelargonium carneum,no,no,Pelargonium,0.59,0.78,0,0,NA,NA,1,seed set
Penstemon,Penstemon davidsonii,Penstemon newberryi,no,no,Penstemon,49.15,36.28,65.62,31.81,NA,NA,-0.0656,seed set
Petunia,Petunia axillaris,Petunia integrifolia,no,no,Petunia,53.4,8.6,15.7,1.4,NA,NA,0.5676,seed set
Phlox,Phlox amoena,Phlox divaricata,no,no,Phlox01,69,65.1666667,26,30.5,NA,NA,0.4073,seed set
Phlox,Phlox amoena,Phlox drummondii,no,no,NA,69,65,1,0,NA,NA,0.9852,seed set
Phlox,Phlox amoena,Phlox pilosa,no,no,NA,69,44.34,36,35.3333,NA,NA,0.2275,seed set
Phlox,Phlox cuspidata,Phlox drummondii,yes1,yes,NA,65,65,17,17,NA,NA,0.5854,seed set
Phlox,Phlox cuspidata,Phlox roemeriana,no,no,Phlox02,1.5,1.65,0.97,0.6,NA,NA,0.3347,seed set
Phlox,Phlox cuspidata,Phlox drummondii,yes1,no,NA,1.5,1.63,1.5,0.67,NA,NA,0.1811,seed set
Phlox,Phlox divaricata,Phlox drummondii,no,no,NA,65.1666667,65,27,46,NA,NA,0.2814,seed set
Phlox,Phlox divaricata,Phlox pilosa,no,no,NA,65.1666667,44.34,45.2,40.2,NA,NA,0.1237,seed set
Phlox,Phlox drummondii,Phlox roemeriana,no,no,NA,1.63,1.65,0.59,1.38,NA,NA,0.2495,seed set
Phlox,Phlox maculata,Phlox glaberrima,no,no,NA,NA,61,20,30,NA,NA,0.4186,seed set
Phlox,Phlox pilosa,Phlox drummondii,no,no,NA,44.34,65,14.5,19,NA,NA,0.5309,seed set
Platanthera,Platanthera bifolia,Platanthera chlorantha,no,no,Platanthera,3008,4071,4188,5090,NA,NA,-0.1344,seed set
Potamogeton,Potamogeton perfoliatus,Potamogeton wrightii,no,no,Potamogeton,32.57,48.93,41,41.37,NA,NA,-0.0053,seed set
Primula,Primula elatior,Primula vulgaris,no,no,Primula01,4.2,23.5,1.75,2.925,NA,NA,0.7112,seed set
Primula,Primula poissonii,Primula anisodora,no,no,NA,13.51,11.18,4.96,2.66,NA,NA,0.5283,seed set
Quercus,Quercus gambelii,Quercus grisea,no,no,NA,0.193,0.265,0.096,0.043,NA,NA,0.5343,fruit set
Quercus,Quercus petraea,Quercus pyrenaica,no,no,NA,8.1,11.6,0,9.9,NA,NA,0.3311,fruit set
Quercus,Quercus robur,Quercus petraea,no,no,Quercus01,52.4,8.1,31.6,0,NA,NA,0.3138,fruit set
Quercus,Quercus robur,Quercus pyrenaica,no,no,NA,52.4,11.6,6,8.1,NA,NA,0.6389,fruit set
Rhinanthus,Rhinanthus minor,Rhinanthus major,yes2,yes,Rhinanthus,5.93,NA,3.85,0.94,NA,NA,0.4246,seed set
Rhinanthus,Rhinanthus minor,Rhinanthus major,yes2,no,Rhinanthus,NA,NA,NA,NA,0.299,0.269,0.432,pollen competition
Rhododendron,Rhododendron cyanocarpum,Rhododendron delavayi,no,no,NA,508.095,666.06,127.13,552.065,NA,NA,0.2671,seed set
Rhododendron,Rhododendron spiciferum,Rhododendron spinuliferum,no,no,Rhododendron01,0.6925,0.7155,0.7245,0.7985,NA,NA,-0.0392,seed set
Roscoea,Roscoea purpurea,Roscoea tumjensis,no,no,Roscoea,0.555,0.377,0.522,0.437,NA,NA,-0.0143,seed set
Sagittaria,Sagittaria guayanensis,Sagittaria platyphylla,no,no,NA,87.11,91.6,0,0,NA,NA,1,seed set
Sagittaria,Sagittaria guayanensis,Sagittaria montevidensis,no,no,NA,87.11,80.3,0,0,NA,NA,1,seed set
Sagittaria,Sagittaria potamogetifolia,Sagittaria platyphylla,no,no,NA,93.26,91.6,0,0,NA,NA,1,seed set
Sagittaria,Sagittaria potamogetifolia,Sagittaria montevidensis,no,no,NA,93.26,80.3,0,0,NA,NA,1,seed set
Sagittaria,Sagittaria pygmaea,Sagittaria trifolia,no,no,Sagittaria,90.62,80.44,0.47,0.39,NA,NA,0.99,seed set
Sagittaria,Sagittaria pygmaea,Sagittaria platyphylla,no,no,NA,76.23,91.6,0,62.17,NA,NA,0.4594,seed set
Sagittaria,Sagittaria pygmaea,Sagittaria montevidensis,no,no,NA,76.23,80.3,0,0,NA,NA,1,seed set
Sagittaria,Sagittaria trifolia,Sagittaria platyphylla,no,no,NA,86.3,91.6,74.7,83.575,NA,NA,0.0584,seed set
Sagittaria,Sagittaria trifolia,Sagittaria montevidensis,no,no,NA,86.3,80.3,0,0,NA,NA,1,seed set
Salix,Salix amygdaloides,Salix exigua,no,no,Salix01,100,70.58823529,0,0,NA,NA,1,fruit set
Salix,Salix amygdaloides,Salix eriocephala,no,no,NA,100,94.73684211,0,0,NA,NA,1,fruit set
Salix,Salix amygdaloides,Salix petiolaris,no,no,NA,100,83.33333333,0,0,NA,NA,1,fruit set
Salix,Salix eriocephala,Salix lucida,no,no,Salix02,94.73684211,88.23529412,0,0,NA,NA,1,fruit set
Salix,Salix eriocephala,Salix exigua,no,no,NA,94.73684211,70.58823529,7.142857143,83.33333333,NA,NA,0.2926,fruit set
Salix,Salix eriocephala,Salix petiolaris,no,no,NA,94.73684211,83.33333333,0,80,NA,NA,0.38,fruit set
Salix,Salix exigua,Salix petiolaris,no,no,NA,70.58823529,83.33333333,35.71428571,66.66666667,NA,NA,0.2011,fruit set
Salvia,Salvia digitaloides,Salvia flava,no,no,Salvia01,3,3,1,2,NA,NA,0.3333,seed set
Salvia,Salvia elegans,Salvia fulgens,no,no,Salvia02,0.668,0.199,0.084,0.0004,NA,NA,0.8226,seed set
Satyrium,Satyrium coriifolium,Satyrium bicorne,no,no,NA,11.5456,5.0897,2.0301,7.2276,NA,NA,0.2849,seed set
Satyrium,Satyrium coriifolium,Satyrium erectum,no,no,NA,11.5456,3.5898,8.9892,7.2276,NA,NA,-0.0345,seed set
Satyrium,Satyrium erectum,Satyrium bicorne,no,no,Satyrium,3.5898,5.0897,2.4628,2.0832,NA,NA,0.3125,seed set
Schiedea,Schiedea globosa,Schiedea menziesii,no,no,Schiedea01,26.6,NA,26.65,NA,NA,NA,-0.0009,seed number per fruit
Schiedea,Schiedea globosa,Schiedea adamantis,no,no,NA,26.6,NA,23.157,NA,NA,NA,0.0692,seed number per fruit
Schiedea,Schiedea globosa,Schiedea apokremnos,no,no,NA,26.6,NA,19.15,NA,NA,NA,0.1628,seed number per fruit
Schiedea,Schiedea globosa,Schiedea hookeri,no,no,NA,26.6,NA,23.3,NA,NA,NA,0.0661,seed number per fruit
Schiedea,Schiedea globosa,Schiedea kaalae,no,no,NA,26.6,NA,23.3,NA,NA,NA,0.0661,seed number per fruit
Schiedea,Schiedea globosa,Schiedea kealiae,no,no,NA,26.6,15,26.0333333,15.6666666,NA,NA,-0.0012,seed number per fruit
Schiedea,Schiedea globosa,Schiedea ligustrina,no,no,NA,26.6,NA,25.95,NA,NA,NA,0.0124,seed number per fruit
Schiedea,Schiedea globosa,Schiedea membranacea,no,no,NA,26.6,NA,37,NA,NA,NA,-0.1635,seed number per fruit
Schiedea,Schiedea globosa,Schiedea nuttallii,no,no,NA,26.6,NA,28.7,NA,NA,NA,-0.038,seed number per fruit
Schiedea,Schiedea globosa,Schiedea salicaria,no,no,NA,26.6,NA,28.6,NA,NA,NA,-0.0362,seed number per fruit
Schiedea,Schiedea globosa,Schiedea spergulina,no,no,NA,26.6,NA,20.8,NA,NA,NA,0.1224,seed number per fruit
Schiedea,Schiedea globosa,Schiedea verticillata,no,no,NA,26.6,NA,32.2,NA,NA,NA,-0.0952,seed number per fruit
Schiedea,Schiedea kealiae,Schiedea kaalae,no,no,Schiedea02,15,NA,17.4,NA,NA,NA,-0.0741,seed number per fruit
Schiedea,Schiedea kealiae,Schiedea adamantis,no,no,NA,15,NA,13.4,NA,NA,NA,0.0563,seed number per fruit
Schiedea,Schiedea kealiae,Schiedea apokremnos,no,no,NA,15,NA,12.3,NA,NA,NA,0.0989,seed number per fruit
Schiedea,Schiedea kealiae,Schiedea hookeri,no,no,NA,15,NA,13.65,NA,NA,NA,0.0471,seed number per fruit
Schiedea,Schiedea kealiae,Schiedea ligustrina,no,no,NA,15,NA,16.05,NA,NA,NA,-0.0338,seed number per fruit
Schiedea,Schiedea kealiae,Schiedea menziesii,no,no,NA,15,NA,10,NA,NA,NA,0.2,seed number per fruit
Schiedea,Schiedea kealiae,Schiedea nuttallii,no,no,NA,15,NA,8.4,NA,NA,NA,0.2821,seed number per fruit
Schiedea,Schiedea kealiae,Schiedea salicaria,no,no,NA,15,NA,14.25,NA,NA,NA,0.0256,seed number per fruit
Schiedea,Schiedea kealiae,Schiedea spergulina,no,no,NA,15,NA,14.4,NA,NA,NA,0.0204,seed number per fruit
Schizanthus,Schizanthus hookeri,Schizanthus grahamii,no,no,Schizanthus,9.198,38.16,0,0,NA,NA,1,seed set
Sedum,Sedum albomarginatum,Sedum laxum,no,no,NA,40.1,23.525,52.4,16.15,NA,NA,-0.0373,seed set
Sedum,Sedum albomarginatum,Sedum moranii,no,no,NA,40.1,53.5,22,53,NA,NA,0.1103,seed set
Sedum,Sedum albomarginatum,Sedum obtusatum,no,no,Sedum,40.1,13.066666,29,7.1,NA,NA,0.1912,seed set
Sedum,Sedum albomarginatum,Sedum oregonense,no,no,NA,40.1,49.7,22,NA,NA,NA,0.3423,seed set
Sedum,Sedum laxum,Sedum moranii,no,no,NA,23.525,53.5,28.3,36.5,NA,NA,0.0862,seed set
Sedum,Sedum laxum,Sedum obtusatum,yes1,no,NA,23.525,13.066666,14.233333,30.7,NA,NA,-0.1023,seed set
Sedum,Sedum laxum,Sedum oregonense,no,no,NA,23.525,49.7,7.2,16.2,NA,NA,0.5157,seed set
Sedum,Sedum laxum (4x),Sedum obtusatum (4x),yes1,yes,NA,16.075,16.8,13.4,15.75,NA,NA,0.0601,seed set
Sedum,Sedum moranii,Sedum obtusatum,no,no,NA,53.5,13.066666,40.9666666,15.7,NA,NA,0.0803,seed set
Sedum,Sedum moranii,Sedum oregonense,no,no,NA,53.5,49.7,NA,0,NA,NA,1,seed set
Senecio,Senecio squalidus,Senecio glaucus,no,no,Senecio,NA,NA,NA,NA,0.48,0.351,0.169,pollen competition
Senecio,Senecio vulgaris,Senecio eboracensis,no,no,NA,82.4,78.5,63.8,63.8,NA,NA,0.1154,seed set
Serapias,Serapias cordigera,Serapias vomeracea,no,no,Serapias,87.5,92,60,79,NA,NA,0.1272,seed set
Silene,Silene diclinis,Silene latifolia,no,no,NA,0.69,0.74,0.675,0.54,NA,NA,0.0813,seed set
Silene,Silene latifolia,Silene dioica,yes2,yes,Silene01,52,63,34,59,NA,NA,0.1058,seed set
Silene,Silene latifolia,Silene dioica,yes2,no,Silene01,NA,NA,NA,NA,0.18,0.51,0.31,pollen competition
Silene,Silene pusilla,Silene veselskyi,no,no,Silene02,38.4,27.7,37.5,39.2,NA,NA,-0.0742,seed set
Sinalliaria,Sinalliaria limprichtiana,Sinalliaria grandifolia,no,no,Sinalliaria,0.79,0.82,0.08,0.27,NA,NA,0.6429,fruit set
Solanum,Solanum berthaultii,Solanum chacoense,no,no,Solanum03,18.45,86.955,2.09,92.61,NA,NA,0.0535,seed set
Solanum,Solanum berthaultii,Solanum commersonii,no,no,NA,18.45,124.62,NA,142.4,NA,NA,-0.3312,seed set
Solanum,Solanum berthaultii,Solanum kurtzianum,no,no,NA,18.45,58.24,4.5,45.92,NA,NA,0.2067,seed set
Solanum,Solanum betaceum,Solanum unilobum,no,no,Solanum01,56.5833333,41.4782609,0.264,8,NA,NA,0.8446,seed number per fruit
Solanum,Solanum betaceum,Solanum corymbiflorum,no,no,NA,56.5833333,94.5,0.045,0,NA,NA,0.9994,seed number per fruit
Solanum,Solanum betaceum,Solanum diploconos,no,no,NA,56.5833333,105.529412,0,0,NA,NA,1,seed number per fruit
Solanum,Solanum betaceum,Solanum diversifolium,no,no,NA,56.5833333,6.57317073,0,0,NA,NA,1,seed number per fruit
Solanum,Solanum betaceum,Solanum obliquum,no,no,NA,56.5833333,NA,0,0,NA,NA,1,seed number per fruit
Solanum,Solanum betaceum,Solanum splendens,no,no,NA,56.5833333,40.3448276,0,0,NA,NA,1,seed number per fruit
Solanum,Solanum candolleanum,Solanum berthaultii,no,no,NA,9.02,18.45,88,15.01,NA,NA,-0.5789,seed set
Solanum,Solanum candolleanum,Solanum chacoense,no,no,NA,9.02,86.955,5.255,69.405,NA,NA,0.1249,seed set
Solanum,Solanum candolleanum,Solanum commersonii,no,no,NA,9.02,124.62,24.6,97.2,NA,NA,0.0464,seed set
Solanum,Solanum candolleanum,Solanum kurtzianum,no,no,NA,9.02,58.24,3.33,18.56,NA,NA,0.5089,seed set
Solanum,Solanum candolleanum,Solanum microdontum,no,no,NA,9.02,47.04,18.17,50.7,NA,NA,-0.1025,seed set
Solanum,Solanum chacoense,Solanum commersonii,yes1,yes,NA,86.955,124.62,187.5,70.635,NA,NA,-0.0991,seed set
Solanum,Solanum chacoense,Solanum commersonii,yes1,no,NA,52.871,41.6587,0.01853,0.7482,NA,NA,0.9839,seed set
Solanum,Solanum corymbiflorum,Solanum diploconos,no,no,Solanum02,94.5,105.529412,7.34782609,0.40909091,NA,NA,0.9253,seed number per fruit
Solanum,Solanum corymbiflorum,Solanum diversifolium,no,no,NA,94.5,6.57317073,0,0,NA,NA,1,seed number per fruit
Solanum,Solanum corymbiflorum,Solanum splendens,no,no,NA,94.5,40.3448276,0,0,NA,NA,1,seed number per fruit
Solanum,Solanum corymbiflorum,Solanum unilobum,no,no,NA,94.5,41.4782609,0,0,NA,NA,1,seed number per fruit
Solanum,Solanum diploconos,Solanum diversifolium,no,no,NA,105.529412,6.57317073,0,0,NA,NA,1,seed number per fruit
Solanum,Solanum diploconos,Solanum splendens,no,no,NA,105.529412,40.3448276,0,1.18181818,NA,NA,0.9839,seed number per fruit
Solanum,Solanum diploconos,Solanum unilobum,no,no,NA,105.529412,41.4782609,0,0,NA,NA,1,seed number per fruit
Solanum,Solanum diversifolium,Solanum obliquum,no,no,NA,6.57317073,NA,0,NA,NA,NA,1,seed number per fruit
Solanum,Solanum diversifolium,Solanum splendens,no,no,NA,6.57317073,40.3448276,0,0,NA,NA,1,seed number per fruit
Solanum,Solanum diversifolium,Solanum unilobum,no,no,NA,6.57317073,41.4782609,0,0,NA,NA,1,seed number per fruit
Solanum,Solanum kurtzianum,Solanum chacoense,no,no,NA,58.24,86.955,12.98,49.26,NA,NA,0.3999,seed set
Solanum,Solanum kurtzianum,Solanum commersonii,no,no,NA,58.24,124.62,90.75,51.6,NA,NA,0.1246,seed set
Solanum,Solanum microdontum,Solanum kurtzianum,no,no,Solanum04,47.04,58.24,15.18,39.2,NA,NA,0.3188,seed set
Solanum,Solanum microdontum,Solanum berthaultii,no,no,NA,47.04,18.45,37.4,9.45,NA,NA,0.1659,seed set
Solanum,Solanum microdontum,Solanum chacoense,no,no,NA,47.04,86.955,24.38,58.18,NA,NA,0.2375,seed set
Solanum,Solanum microdontum,Solanum commersonii,no,no,NA,47.04,124.62,47.31,79.21,NA,NA,0.1514,seed set
Solanum,Solanum obliquum,Solanum unilobum,no,no,NA,NA,41.4782609,NA,0,NA,NA,1,seed number per fruit
Solanum,Solanum roseum,Solanum corymbiflorum,no,no,NA,NA,94.5,0,0,NA,NA,1,seed number per fruit
Solanum,Solanum roseum,Solanum diversifolium,no,no,NA,NA,6.57317073,0,0,NA,NA,1,seed number per fruit
Solanum,Solanum roseum,Solanum unilobum,no,no,NA,NA,41.4782609,0,0,NA,NA,1,seed number per fruit
Solanum,Solanum roseum,Solanum splendens,no,no,NA,NA,40.3448276,0,0,NA,NA,1,seed number per fruit
Solanum,Solanum splendens,Solanum obliquum,no,no,NA,40.3448276,NA,0,NA,NA,NA,1,seed number per fruit
Solanum,Solanum splendens,Solanum unilobum,no,no,NA,40.3448276,41.4782609,0,0,NA,NA,1,seed number per fruit
Solanum,Solanum tuberosum,Solanum berthaultii,no,no,NA,22.305,18.45,30.82,12.36,NA,NA,-0.0289,seed set
Solanum,Solanum tuberosum,Solanum candolleanum,no,no,NA,22.305,9.02,124.89,12.38,NA,NA,-0.6284,seed set
Solanum,Solanum tuberosum,Solanum chacoense,no,no,NA,22.305,86.955,33.235,15.14,NA,NA,0.3862,seed set
Solanum,Solanum tuberosum,Solanum commersonii,no,no,NA,22.305,124.62,85.68,32.03,NA,NA,0.1104,seed set
Solanum,Solanum tuberosum,Solanum kurtzianum,no,no,NA,22.305,58.24,36.96,16.04,NA,NA,0.2063,seed set
Solanum,Solanum tuberosum,Solanum microdontum,no,no,NA,22.305,47.04,56.045,45.76,NA,NA,-0.1897,seed set
Streptanthus,Streptanthus batrachopus,Streptanthus barbiger,no,no,NA,NA,NA,NA,NA,NA,NA,1,fruit set
Streptanthus,Streptanthus brachiatus,Streptanthus barbiger,no,no,Streptanthus01,NA,NA,NA,NA,NA,NA,0.673,fruit set
Streptanthus,Streptanthus brachiatus,Streptanthus amplexicaulis,no,no,NA,NA,NA,NA,NA,NA,NA,0.917,fruit set
Streptanthus,Streptanthus brachiatus,Streptanthus batrachopus,no,no,NA,NA,NA,NA,NA,NA,NA,1,fruit set
Streptanthus,Streptanthus brachiatus,Streptanthus coulteri,no,no,NA,NA,NA,NA,NA,NA,NA,0.852,fruit set
Streptanthus,Streptanthus brachiatus,Streptanthus inflatus,no,no,NA,NA,NA,NA,NA,NA,NA,1,fruit set
Streptanthus,Streptanthus breweri,Streptanthus barbiger,no,no,NA,NA,NA,NA,NA,NA,NA,0.927,fruit set
Streptanthus,Streptanthus breweri,Streptanthus batrachopus,no,no,NA,NA,NA,NA,NA,NA,NA,0.863,fruit set
Streptanthus,Streptanthus breweri,Streptanthus brachiatus,no,no,NA,NA,NA,NA,NA,NA,NA,1,fruit set
Streptanthus,Streptanthus coulteri,Streptanthus amplexicaulis,no,no,NA,NA,NA,NA,NA,NA,NA,0.852,fruit set
Streptanthus,Streptanthus diversifolius,Streptanthus amplexicaulis,no,no,NA,NA,NA,NA,NA,NA,NA,0.702,fruit set
Streptanthus,Streptanthus diversifolius,Streptanthus brachiatus,no,no,NA,NA,NA,NA,NA,NA,NA,1,fruit set
Streptanthus,Streptanthus diversifolius,Streptanthus coulteri,no,no,NA,NA,NA,NA,NA,NA,NA,0.855,fruit set
Streptanthus,Streptanthus diversifolius,Streptanthus inflatus,no,no,NA,NA,NA,NA,NA,NA,NA,1,fruit set
Streptanthus,Streptanthus diversifolius,Streptanthus lasiophyllus,no,no,NA,NA,NA,NA,NA,NA,NA,1,fruit set
Streptanthus,Streptanthus drepanoides,Streptanthus breweri,no,no,Streptanthus02,NA,NA,NA,NA,NA,NA,0.093,fruit set
Streptanthus,Streptanthus drepanoides,Streptanthus barbiger,no,no,NA,NA,NA,NA,NA,NA,NA,0.724,fruit set
Streptanthus,Streptanthus drepanoides,Streptanthus batrachopus,no,no,NA,NA,NA,NA,NA,NA,NA,1,fruit set
Streptanthus,Streptanthus drepanoides,Streptanthus brachiatus,no,no,NA,NA,NA,NA,NA,NA,NA,1,fruit set
Streptanthus,Streptanthus flavescens,Streptanthus anceps,no,no,Streptanthus03,NA,NA,NA,NA,NA,NA,0.4,fruit set
Streptanthus,Streptanthus glandulosus,Streptanthus brachiatus,no,no,NA,NA,NA,NA,NA,NA,NA,1,fruit set
Streptanthus,Streptanthus glandulosus,Streptanthus coulteri,no,no,NA,NA,NA,NA,NA,NA,NA,1,fruit set
Streptanthus,Streptanthus glandulosus,Streptanthus diversifolius,no,no,NA,NA,NA,NA,NA,NA,NA,1,fruit set
Streptanthus,Streptanthus glandulosus,Streptanthus inflatus,no,no,NA,NA,NA,NA,NA,NA,NA,1,fruit set
Streptanthus,Streptanthus glandulosus,Streptanthus lasiophyllus,no,no,NA,NA,NA,NA,NA,NA,NA,1,fruit set
Streptanthus,Streptanthus glandulosus,Streptanthus amplexicaulis,no,no,NA,NA,NA,NA,NA,NA,NA,1,fruit set
Streptanthus,Streptanthus hesperidis,Streptanthus batrachopus,no,no,Streptanthus04,NA,NA,NA,NA,NA,NA,0.879,fruit set
Streptanthus,Streptanthus hesperidis,Streptanthus barbiger,no,no,NA,NA,NA,NA,NA,NA,NA,0.765,fruit set
Streptanthus,Streptanthus hesperidis,Streptanthus brachiatus,no,no,NA,NA,NA,NA,NA,NA,NA,1,fruit set
Streptanthus,Streptanthus hesperidis,Streptanthus drepanoides,no,no,NA,NA,NA,NA,NA,NA,NA,0.391,fruit set
Streptanthus,Streptanthus hesperidis,Streptanthus breweri,no,no,NA,NA,NA,NA,NA,NA,NA,0.438,seed set
Streptanthus,Streptanthus inflatus,Streptanthus coulteri,no,no,Streptanthus05,NA,NA,NA,NA,NA,NA,0.878,fruit set
Streptanthus,Streptanthus inflatus,Streptanthus amplexicaulis,no,no,NA,NA,NA,NA,NA,NA,NA,0.888,fruit set
Streptanthus,Streptanthus lasiophyllus,Streptanthus amplexicaulis,no,no,NA,NA,NA,NA,NA,NA,NA,0.407,fruit set
Streptanthus,Streptanthus lasiophyllus,Streptanthus inflatus,no,no,NA,NA,NA,NA,NA,NA,NA,1,fruit set
Streptanthus,Streptanthus tortuosus,Streptanthus diversifolius,no,no,Streptanthus06,NA,NA,NA,NA,NA,NA,0.918,fruit set
Streptanthus,Streptanthus vernalis,Streptanthus morrisonii,no,no,Streptanthus07,NA,NA,NA,NA,NA,NA,0.275,fruit set
Streptanthus,Streptanthus vernalis,Streptanthus breweri,no,no,NA,NA,NA,NA,NA,NA,NA,1,fruit set
Stylidium,Stylidium graminifolium,Stylidium productum,no,no,Stylidium,23.075,17.8,20.3,33.7,NA,NA,-0.1383,seed set
Taraxacum,Taraxacum ceratophorum,Taraxacum officinale,no,no,Taraxacum,NA,NA,NA,NA,0.003,NA,0.994,pollen competition
Trillium,Trillium apetalon,Trillium tschonoskii,no,no,Trillium,0.831,0.875,0.693,0.481,NA,NA,0.1847,seed set
Verbena,Verbena stricta,Verbena bracteata,no,no,Verbena,98.2,93.9,44,NA,NA,NA,0.3717,seed set
Verbena,Verbena stricta,Verbena halei,no,no,NA,98.2,78.6,8,NA,NA,NA,0.834,seed set
Verbena,Verbena stricta,Verbena simplex,no,no,NA,98.2,97.2,53,NA,NA,NA,0.2966,seed set
Verbena,Verbena stricta,Verbena urticifolia,no,no,NA,98.2,87.3,11,NA,NA,NA,0.788,seed set
Vriesea,Vriesea scalaris,Vriesea simplex,no,no,Vriesea,383,467,312,541,NA,NA,-0.0018,seed set
Ziziphus,Ziziphus mauritiana,Ziziphus jujuba,no,no,Ziziphus,11.42,12.72,7.2,0,NA,NA,0.5405,fruit set