family,genus,species1,species2,duplicate,remove,PI_name,intraspecific_value_sp1,intraspecific_value_sp2,interspecific_value_sp1_sp2,interspecific_value_sp2_sp1,sp1_hybrid_proportion,sp2_hybrid_proportion,RI,measure,remove_flag,is_PI_from_PI_name,sp1_key,sp2_key,pair_key,ovule_sp1,ovule_sp2,confidence_sp1,confidence_sp2,life_history_sp1,life_history_sp2,mating_system_sp1,mating_system_sp2,gd_rows,gd_nonmissing,K2P_Distance,K2P_min,K2P_max,has_both_ovule_numbers,has_nonmissing_K2P,model_ready_PI_K2P_ovules,mean_log10_ovules,abs_log10_ovule_difference,signed_log10_ovule_ratio_sp1_minus_sp2,best_confidence_pair
Gesneriaceae,Achimenes,Achimenes flava,Achimenes patens,no,no,Achimenes,219.78,69.0,107.0,187.41,,,-0.0097,seed set,False,True,achimenes flava,achimenes patens,achimenes flava || achimenes patens,304.0,946.0,3.0,3.0,perennial,perennial,mixed-mating,mixed-mating,1.0,1.0,0.015688,0.015688,0.015688,True,True,True,2.7293823600052733,0.49301755279303894,-0.49301755279303894,3.0
Bignoniaceae,Adenocalymma,Adenocalymma nodosum,Adenocalymma peregrinum,no,no,Adenocalymma,0.26208,0.12096,0.20482,0.108528,,,0.1001,seed set,False,True,adenocalymma nodosum,adenocalymma peregrinum,adenocalymma nodosum || adenocalymma peregrinum,10.0,14.1,1.0,1.0,woody,woody,outcrossing,outcrossing,1.0,1.0,0.071142,0.071142,0.071142,True,True,True,1.0746095563276898,0.1492191126553799,-0.1492191126553799,1.0
Asteraceae,Anacyclus,Anacyclus clavatus,Anacyclus homogamos,no,no,Anacyclus,0.88,0.88,0.89,0.92,,,-0.014,seed set,False,True,anacyclus clavatus,anacyclus homogamos,anacyclus clavatus || anacyclus homogamos,1.0,1.0,1.0,1.0,annual,annual,outcrossing,outcrossing,1.0,1.0,0.020246,0.020246,0.020246,True,True,True,0.0,0.0,0.0,1.0
Plantaginaceae,Antirrhinum,Antirrhinum pulverulentum,Antirrhinum majus,no,no,Antirrhinum,75.74,65.13,35.94,30.91,,,0.3563,seed set,False,True,antirrhinum pulverulentum,antirrhinum majus,antirrhinum majus || antirrhinum pulverulentum,176.4,262.3,1.0,1.0,woody,annual,outcrossing,outcrossing,1.0,1.0,0.011731,0.011731,0.011731,True,True,True,2.332648435693077,0.17229970979455267,-0.17229970979455267,1.0
Ranunculaceae,Aquilegia,Aquilegia canadensis,Aquilegia caerulea,no,no,Aquilegia01,72.25,68.4,,62.3,,,0.0605,seed set,False,True,aquilegia canadensis,aquilegia caerulea,aquilegia caerulea || aquilegia canadensis,25.0,37.0,1.0,1.0,perennial,perennial,mixed-mating,mixed-mating,1.0,1.0,0.0,0.0,0.0,True,True,True,1.4830708663695162,0.17026171539495727,-0.17026171539495727,1.0
Ranunculaceae,Aquilegia,Aquilegia ecalcarata,Aquilegia vulgaris,no,no,Aquilegia02,71.4,75.6,68.5,63.1,,,0.0553,seed set,False,True,aquilegia ecalcarata,aquilegia vulgaris,aquilegia ecalcarata || aquilegia vulgaris,17.89,24.5,1.0,1.0,perennial,perennial,mixed-mating,mixed-mating,1.0,1.0,0.0,0.0,0.0,True,True,True,1.3208882124659527,0.1365557437971594,-0.1365557437971594,1.0
Araceae,Arisaema,Arisaema bockii,Arisaema lobatum,no,no,Arisaema,49.82,37.61,20.93,29.83,,,0.2654,seed set,False,True,arisaema bockii,arisaema lobatum,arisaema bockii || arisaema lobatum,4.0,4.5,3.0,3.0,perennial,perennial,outcrossing,outcrossing,1.0,1.0,0.059404,0.059404,0.059404,True,True,True,0.627636252551653,0.05115252244738133,-0.05115252244738133,3.0
Boraginaceae,Arnebia,Arnebia guttata,Arnebia szechenyi,no,no,Arnebia,,,0.0,0.0,,,1.0,seed set,False,True,arnebia guttata,arnebia szechenyi,arnebia guttata || arnebia szechenyi,4.0,4.0,1.0,1.0,perennial,perennial,outcrossing,outcrossing,1.0,1.0,0.105286,0.105286,0.105286,True,True,True,0.6020599913279624,0.0,0.0,1.0
Brassicaceae,Boechera,Boechera stricta,Boechera retrofracta,no,no,Boechera,4.6,1.4,8.6,0.15,,,-0.1864,seed set,False,True,boechera stricta,boechera retrofracta,boechera retrofracta || boechera stricta,163.0,88.0,1.0,1.0,perennial,perennial,selfing,selfing,1.0,1.0,0.007722,0.007722,0.007722,True,True,True,2.078335138277063,0.267704932253789,0.267704932253789,1.0
Scrophulariaceae,Buddleja,Buddleja crispa,Buddleja officinalis,no,no,Buddleja,22.27,59.15,5.44,0.0,,,0.8747,seed number per fruit,False,True,buddleja crispa,buddleja officinalis,buddleja crispa || buddleja officinalis,173.60714,139.458,1.0,1.0,woody,woody,outcrossing,outcrossing,1.0,1.0,0.291439,0.291439,0.291439,True,True,True,2.1920055075895477,0.09512414999073115,0.09512414999073115,1.0
Brassicaceae,Cakile,Cakile maritima,Cakile edentula,no,no,Cakile,0.75,0.67,0.85,0.68,,,-0.0373,seed set,False,True,cakile maritima,cakile edentula,cakile edentula || cakile maritima,3.1,2.0,1.0,1.0,annual,annual,outcrossing,selfing,1.0,1.0,0.00444,0.00444,0.00444,True,True,True,0.3961958447491269,0.1903316981702915,0.1903316981702915,1.0
Calceolariaceae,Calceolaria,Calceolaria arachnoidea,Calceolaria filicaulis,no,no,Calceolaria,303.35,453.62,25.97,117.75,,,0.6809,seed number per fruit,False,True,calceolaria arachnoidea,calceolaria filicaulis,calceolaria arachnoidea || calceolaria filicaulis,405.0,558.0,3.0,3.0,perennial,perennial,mixed-mating,outcrossing,1.0,1.0,0.089405,0.089405,0.089405,True,True,True,2.6770446110761235,0.13917917572290994,-0.13917917572290994,3.0
Orchidaceae,Cattleya,Cattleya sincorana,Cattleya pfisteri,no,no,Cattleya,0.3784,0.441,0.06916,0.253708,,,0.4347,seed set,False,True,cattleya sincorana,cattleya pfisteri,cattleya pfisteri || cattleya sincorana,3500000.0,3500000.0,4.0,4.0,perennial,perennial,outcrossing,outcrossing,1.0,1.0,0.043864,0.043864,0.043864,True,True,True,6.544068044350276,0.0,0.0,4.0
Gentianaceae,Centaurium,Centaurium erythraea,Centaurium pulchellum,no,no,Centaurium,0.867,0.89,0.349,0.404,,,0.4,seed set,False,True,centaurium erythraea,centaurium pulchellum,centaurium erythraea || centaurium pulchellum,306.05,271.5,1.0,1.0,annual,annual,mixed-mating,selfing,1.0,1.0,0.051814,0.051814,0.051814,True,True,True,2.459781108880036,0.05202254991034039,0.05202254991034039,1.0
Fabaceae,Chamaecrista,Chamaecrista chapadae,Chamaecrista glaucofilix,no,no,Chamaecrista,0.3572,2.2752,0.0805,0.0,,,0.9407,seed set,False,True,chamaecrista chapadae,chamaecrista glaucofilix,chamaecrista chapadae || chamaecrista glaucofilix,7.5,7.5,1.0,1.0,woody,woody,mixed-mating,mixed-mating,1.0,1.0,0.134371,0.134371,0.134371,True,True,True,0.8750612633917001,0.0,0.0,1.0
Myrtaceae,Corymbia,Corymbia torelliana,Corymbia citriodora,yes1,no,Corymbia,36.9,6.6,19.5,5.0,,,0.2794,seed number per fruit,False,True,corymbia torelliana,corymbia citriodora,corymbia citriodora || corymbia torelliana,60.0,24.0,3.0,3.0,woody,woody,outcrossing,mixed-mating,2.0,2.0,0.032316,0.032316,0.032316,True,True,True,1.5791812460476249,0.3979400086720377,0.3979400086720377,3.0
Costaceae,Costus,Costus scaber,Costus woodsonii,no,no,Costus03,6.1,8.8,6.5,2.1,,,0.2681,seed number per fruit,False,True,costus scaber,costus woodsonii,costus scaber || costus woodsonii,10.7,25.4,3.0,1.0,perennial,perennial,mixed-mating,mixed-mating,1.0,1.0,0.004,0.004,0.004,True,True,True,1.2171087471525739,0.37544993893472833,-0.37544993893472833,3.0
Gesneriaceae,Cyrtandra,Cyrtandra kauaiensis,Cyrtandra longifolia,no,no,Cyrtandra,56.0,32.2,48.7,20.8,,,0.1186,fruit set,False,True,cyrtandra kauaiensis,cyrtandra longifolia,cyrtandra kauaiensis || cyrtandra longifolia,2000.0,260.0,3.0,3.0,woody,woody,outcrossing,outcrossing,1.0,1.0,0.035383,0.035383,0.035383,True,True,True,2.8580016718173997,0.8860566476931635,0.8860566476931635,3.0
Orchidaceae,Dactylorhiza,Dactylorhiza maculata,Dactylorhiza incarnata,no,no,Dactylorhiza,58.31,49.42,43.44,35.23,,,0.1559,seed set,False,True,dactylorhiza maculata,dactylorhiza incarnata,dactylorhiza incarnata || dactylorhiza maculata,2605.178,7756.0,1.0,1.0,perennial,perennial,mixed-mating,mixed-mating,1.0,1.0,0.009175,0.009175,0.009175,True,True,True,3.652737601214347,0.47380039838464105,-0.47380039838464105,1.0
Caryophyllaceae,Dianthus,Dianthus carthusianorum,Dianthus sylvestris,no,no,Dianthus,34.8384,27.5035,30.465,38.4588,,,-0.0501,seed set,False,True,dianthus carthusianorum,dianthus sylvestris,dianthus carthusianorum || dianthus sylvestris,75.0,81.0,1.0,1.0,perennial,perennial,mixed-mating,mixed-mating,1.0,1.0,0.004082,0.004082,0.004082,True,True,True,1.8917731411351748,0.03342375548694965,-0.03342375548694965,1.0
Phrymaceae,Diplacus,Diplacus johnstonii,Diplacus brevipes,no,no,Diplacus,0.39146,0.86877,0.0,0.0,,,1.0,seed set,False,True,diplacus johnstonii,diplacus brevipes,diplacus brevipes || diplacus johnstonii,42.0,433.0,3.0,3.0,annual,annual,outcrossing,outcrossing,1.0,1.0,0.019733,0.019733,0.019733,True,True,True,2.1298685933756327,1.013238605955465,-1.013238605955465,3.0
Ericaceae,Erica,Erica plukenetii,Erica coccinea,no,no,Erica,,,,,,,0.78,seed set,False,True,erica plukenetii,erica coccinea,erica coccinea || erica plukenetii,211.0,303.0,1.0,1.0,woody,woody,outcrossing,outcrossing,1.0,1.0,0.035774,0.035774,0.035774,True,True,True,2.402862541899999,0.15716017320461217,-0.15716017320461217,1.0
Phrymaceae,Erythranthe,Erythranthe lutea,Erythranthe cuprea,no,no,Erythranthe03,169.0,55.0,98.0,52.0,,,0.1979,seed number per fruit,False,True,erythranthe lutea,erythranthe cuprea,erythranthe cuprea || erythranthe lutea,2140.32,144.0,1.0,3.0,perennial,annual,mixed-mating,mixed-mating,1.0,1.0,0.004343,0.004343,0.004343,True,True,True,2.744420600910222,1.1721162176299447,1.1721162176299447,3.0
Phrymaceae,Erythranthe,Erythranthe verbenacea,Erythranthe lewisii,yes2,no,Erythranthe04,,,,,0.056,0.5,0.444,pollen competition,False,True,erythranthe verbenacea,erythranthe lewisii,erythranthe lewisii || erythranthe verbenacea,1000.0,561.0,3.0,1.0,perennial,perennial,mixed-mating,mixed-mating,2.0,2.0,0.003872,0.003872,0.003872,True,True,True,2.8744814306280806,0.2510371387438384,0.2510371387438384,3.0
Myrtaceae,Eucalyptus,Eucalyptus globulus,Eucalyptus nitens,no,no,Eucalyptus,23.7,9.0,0.0,5.4,,,0.7165,seed set,False,True,eucalyptus globulus,eucalyptus nitens,eucalyptus globulus || eucalyptus nitens,261.028,30.7,1.0,1.0,woody,woody,mixed-mating,outcrossing,1.0,1.0,0.007722,0.007722,0.007722,True,True,True,1.9519127356477073,0.9295487203410415,0.9295487203410415,1.0
Asteraceae,Helianthus,Helianthus mollis,Helianthus occidentalis,no,no,Helianthus02,,,,,0.2,,0.6,pollen competition,False,True,helianthus mollis,helianthus occidentalis,helianthus mollis || helianthus occidentalis,1.0,1.0,1.0,1.0,perennial,perennial,outcrossing,outcrossing,1.0,1.0,0.007794,0.007794,0.007794,True,True,True,0.0,0.0,0.0,1.0
Asteraceae,Helianthus,Helianthus petiolaris,Helianthus annuus,yes2,no,Helianthus01,,,,,0.004,0.029,0.967,pollen competition,False,True,helianthus petiolaris,helianthus annuus,helianthus annuus || helianthus petiolaris,1.0,1.0,1.0,1.0,annual,annual,outcrossing,outcrossing,2.0,2.0,0.003857,0.003857,0.003857,True,True,True,0.0,0.0,0.0,1.0
Malvaceae,Hibiscus,Hibiscus moscheutos,Hibiscus laevis,yes2,no,Hibiscus,,,,,0.08,0.074,0.846,pollen competition,False,True,hibiscus moscheutos,hibiscus laevis,hibiscus laevis || hibiscus moscheutos,130.0,75.0,1.0,1.0,perennial,perennial,mixed-mating,mixed-mating,2.0,2.0,0.0,0.0,0.0,True,True,True,1.9945023078492683,0.23888208891513685,0.23888208891513685,1.0
Solanaceae,Iochroma,Iochroma cyaneum,Iochroma gesnerioides,no,no,Iochroma,1.0,1.0,0.04,0.15,,,0.8265,seed set,False,True,iochroma cyaneum,iochroma gesnerioides,iochroma cyaneum || iochroma gesnerioides,368.7,264.7,1.0,1.0,woody,woody,outcrossing,outcrossing,1.0,1.0,0.023179,0.023179,0.023179,True,True,True,2.4947135394537323,0.14391919630476835,0.14391919630476835,1.0
Convolvulaceae,Ipomoea,Ipomoea cavalcantei,Ipomoea marabensis,no,no,Ipomoea01,82.0,85.0,80.0,85.0,,,0.006,seed set,False,True,ipomoea cavalcantei,ipomoea marabensis,ipomoea cavalcantei || ipomoea marabensis,4.0,4.0,1.0,1.0,perennial,perennial,outcrossing,outcrossing,1.0,1.0,0.014122,0.014122,0.014122,True,True,True,0.6020599913279624,0.0,0.0,1.0
Convolvulaceae,Ipomoea,Ipomoea cordatotriloba,Ipomoea lacunosa,no,no,Ipomoea02,1.63,1.91,0.0748,0.0658,,,0.9236,seed set,False,True,ipomoea cordatotriloba,ipomoea lacunosa,ipomoea cordatotriloba || ipomoea lacunosa,4.0,4.0,1.0,1.0,annual,annual,mixed-mating,selfing,1.0,1.0,0.007733,0.007733,0.007733,True,True,True,0.6020599913279624,0.0,0.0,1.0
Ericaceae,Kalmia,Kalmia angustifolia,Kalmia polifolia,no,no,Kalmia01,36.0,69.5,7.0,2.0,,,0.8428,fruit set,False,True,kalmia angustifolia,kalmia polifolia,kalmia angustifolia || kalmia polifolia,110.0,110.0,3.0,3.0,woody,woody,mixed-mating,mixed-mating,1.0,1.0,0.041978,0.041978,0.041978,True,True,True,2.041392685158225,0.0,0.0,3.0
Ericaceae,Kalmia,Kalmia hirsuta,Kalmia latifolia,no,no,Kalmia02,24.0,62.0,18.0,7.0,,,0.5495,fruit set,False,True,kalmia hirsuta,kalmia latifolia,kalmia hirsuta || kalmia latifolia,110.0,110.0,3.0,3.0,woody,woody,mixed-mating,mixed-mating,1.0,1.0,0.052948,0.052948,0.052948,True,True,True,2.041392685158225,0.0,0.0,3.0
Asteraceae,Lactuca,Lactuca virosa,Lactuca saligna,no,no,Lactuca,43.0,100.0,0.0,0.0,,,1.0,fruit set,False,True,lactuca virosa,lactuca saligna,lactuca saligna || lactuca virosa,1.0,1.0,1.0,1.0,annual,annual,selfing,selfing,1.0,1.0,0.043779,0.043779,0.043779,True,True,True,0.0,0.0,0.0,1.0
Brassicaceae,Leavenworthia,Leavenworthia alabamica,Leavenworthia crassa,no,no,Leavenworthia,0.38,0.46,0.41,0.46,,,-0.0175,seed set,False,True,leavenworthia alabamica,leavenworthia crassa,leavenworthia alabamica || leavenworthia crassa,12.0,8.0,1.0,1.0,annual,annual,mixed-mating,mixed-mating,1.0,1.0,0.0,0.0,0.0,True,True,True,0.9911356165197842,0.17609125905568135,0.17609125905568135,1.0
Fabaceae,Leucaena,Leucaena collinsii,Leucaena lanceolata,no,no,Leucaena01,46.7,80.9,54.0,43.0,,,0.1362,seed set,False,True,leucaena collinsii,leucaena lanceolata,leucaena collinsii || leucaena lanceolata,16.5,19.0,1.0,1.0,woody,woody,outcrossing,outcrossing,1.0,1.0,0.243607,0.243607,0.243607,True,True,True,1.2481187725833676,0.061269656738922595,-0.061269656738922595,1.0
Fabaceae,Leucaena,Leucaena diversifolia,Leucaena pulverulenta,no,no,Leucaena02,28.5,93.4,8.0,3.3,,,0.8303,seed set,False,True,leucaena diversifolia,leucaena pulverulenta,leucaena diversifolia || leucaena pulverulenta,20.0,31.0,1.0,1.0,woody,woody,outcrossing,outcrossing,1.0,1.0,0.149875,0.149875,0.149875,True,True,True,1.396195844749127,0.19033169817029139,-0.19033169817029139,1.0
Fabaceae,Leucaena,Leucaena greggii,Leucaena retusa,no,no,Leucaena03,18.0,70.2,0.5,77.0,,,0.0646,seed set,False,True,leucaena greggii,leucaena retusa,leucaena greggii || leucaena retusa,22.0,22.0,1.0,1.0,woody,woody,outcrossing,outcrossing,1.0,1.0,0.040779,0.040779,0.040779,True,True,True,1.3424226808222062,0.0,0.0,1.0
Fabaceae,Leucaena,Leucaena leucocephala,Leucaena pallida,no,no,Leucaena04,131.1,14.8,31.0,37.0,,,0.3642,seed set,False,True,leucaena leucocephala,leucaena pallida,leucaena leucocephala || leucaena pallida,26.0,19.0,1.0,1.0,woody,woody,mixed-mating,mixed-mating,1.0,1.0,0.217026,0.217026,0.217026,True,True,True,1.3468634744618235,0.1362197470179891,0.1362197470179891,1.0
Fabaceae,Leucaena,Leucaena macrophylla,Leucaena trichodes,no,no,Leucaena05,22.0,37.7,16.0,2.1,,,0.5347,seed set,False,True,leucaena macrophylla,leucaena trichodes,leucaena macrophylla || leucaena trichodes,15.0,14.0,1.0,1.0,woody,woody,outcrossing,outcrossing,1.0,1.0,0.007707,0.007707,0.007707,True,True,True,1.1611096473669595,0.029963223377443393,0.029963223377443393,1.0
Fabaceae,Leucaena,Leucaena multicapitula,Leucaena salvadorensis,no,no,Leucaena06,37.7,68.2,1.4,0.0,,,0.9739,seed set,False,True,leucaena multicapitula,leucaena salvadorensis,leucaena multicapitula || leucaena salvadorensis,13.0,23.5,1.0,1.0,woody,woody,outcrossing,outcrossing,1.0,1.0,0.14108,0.14108,0.14108,True,True,True,1.2425056072892866,0.25712450996489955,-0.25712450996489955,1.0
Fabaceae,Lupinus,Lupinus palaestinus,Lupinus pilosus,no,no,Lupinus,0.008,0.17,0.03,0.004,,,0.6792,seed set,False,True,lupinus palaestinus,lupinus pilosus,lupinus palaestinus || lupinus pilosus,6.0,6.0,3.0,3.0,annual,annual,mixed-mating,mixed-mating,1.0,1.0,0.0,0.0,0.0,True,True,True,0.7781512503836436,0.0,0.0,3.0
Lythraceae,Lythrum,Lythrum alatum,Lythrum salicaria,no,no,Lythrum,40.28,,0.69,,,,0.9663,seed set,False,True,lythrum alatum,lythrum salicaria,lythrum alatum || lythrum salicaria,75.0,100.0,3.0,1.0,perennial,perennial,outcrossing,outcrossing,1.0,1.0,0.073997,0.073997,0.073997,True,True,True,1.93753063169585,0.1249387366082999,-0.1249387366082999,3.0
Rubiaceae,Mussaenda,Mussaenda pubescens,Mussaenda kwangtungensis,no,no,Mussaenda,93.0,94.5,23.9,20.9,,,0.6143,fruit set,False,True,mussaenda pubescens,mussaenda kwangtungensis,mussaenda kwangtungensis || mussaenda pubescens,485.2,518.0,1.0,1.0,perennial,perennial,outcrossing,outcrossing,1.0,1.0,0.004032,0.004032,0.004032,True,True,True,2.700125275969884,0.028408967550697994,-0.028408967550697994,1.0
Amaryllidaceae,Narcissus,Narcissus miniatus,Narcissus cavanillesii,no,no,Narcissus,6.96,2.21,0.29,2.43,,,0.5425,seed set,False,True,narcissus miniatus,narcissus cavanillesii,narcissus cavanillesii || narcissus miniatus,50.0,50.0,3.0,3.0,perennial,perennial,mixed-mating,mixed-mating,1.0,1.0,0.260421,0.260421,0.260421,True,True,True,1.6989700043360187,0.0,0.0,3.0
Solanaceae,Nicotiana,Nicotiana bonariensis,Nicotiana forgetiana,no,no,Nicotiana01,0.9,1.0,0.5,0.4,,,0.3571,fruit set,False,True,nicotiana bonariensis,nicotiana forgetiana,nicotiana bonariensis || nicotiana forgetiana,76.0,582.0,3.0,3.0,annual,perennial,outcrossing,outcrossing,1.0,1.0,0.007737,0.007737,0.007737,True,True,True,2.3228682884653398,0.8841093923690972,-0.8841093923690972,3.0
Solanaceae,Nicotiana,Nicotiana langsdorffii,Nicotiana alata,no,no,Nicotiana02,1.0,1.0,0.8,0.6,,,0.1765,fruit set,False,True,nicotiana langsdorffii,nicotiana alata,nicotiana alata || nicotiana langsdorffii,312.0,1732.0,3.0,3.0,annual,perennial,outcrossing,outcrossing,1.0,1.0,0.003876,0.003876,0.003876,True,True,True,2.8663512408498852,0.7443932936628848,-0.7443932936628848,3.0
Solanaceae,Nicotiana,Nicotiana plumbaginifolia,Nicotiana longiflora,yes2,no,Nicotiana03,,,,,0.9261,0.0245,0.0494,pollen competition,False,True,nicotiana plumbaginifolia,nicotiana longiflora,nicotiana longiflora || nicotiana plumbaginifolia,1538.48,2367.92,1.0,1.0,annual,perennial,selfing,mixed-mating,2.0,2.0,0.0,0.0,0.0,True,True,True,3.28072944027591,0.18727517083250333,-0.18727517083250333,1.0
Onagraceae,Oenothera,Oenothera hexandra,Oenothera suffulta,no,no,Oenothera,47.0,98.0,52.0,52.0,,,0.1647,fruit set,False,True,oenothera hexandra,oenothera suffulta,oenothera hexandra || oenothera suffulta,4.0,4.0,2.0,2.0,annual,annual,selfing,selfing,1.0,1.0,0.007794,0.007794,0.007794,True,True,True,0.6020599913279624,0.0,0.0,2.0
Betulaceae,Ostryopsis,Ostryopsis davidiana,Ostryopsis nobilis,no,no,Ostryopsis,86.11,92.91,8.19,13.69,,,0.7822,fruit set,False,True,ostryopsis davidiana,ostryopsis nobilis,ostryopsis davidiana || ostryopsis nobilis,2.0,2.0,2.0,1.0,woody,woody,outcrossing,outcrossing,1.0,1.0,0.015456,0.015456,0.015456,True,True,True,0.3010299956639812,0.0,0.0,2.0
Oxalidaceae,Oxalis,Oxalis campicola,Oxalis xantha,no,no,Oxalis01,10.0,16.36,10.0,13.83,,,0.0504,seed set,False,True,oxalis campicola,oxalis xantha,oxalis campicola || oxalis xantha,30.0,30.0,1.0,1.0,perennial,perennial,outcrossing,outcrossing,1.0,1.0,0.003846,0.003846,0.003846,True,True,True,1.4771212547196624,0.0,0.0,1.0
Oxalidaceae,Oxalis,Oxalis metcalfei,Oxalis gracilis,no,no,Oxalis02,4.0,5.6,3.0,,,,0.2308,seed set,False,True,oxalis metcalfei,oxalis gracilis,oxalis gracilis || oxalis metcalfei,10.0,15.0,1.0,1.0,perennial,perennial,outcrossing,outcrossing,1.0,1.0,0.031301,0.031301,0.031301,True,True,True,1.0880456295278407,0.17609125905568135,-0.17609125905568135,1.0
Geraniaceae,Pelargonium,Pelargonium pinnatum,Pelargonium carneum,no,no,Pelargonium,0.59,0.78,0.0,0.0,,,1.0,seed set,False,True,pelargonium pinnatum,pelargonium carneum,pelargonium carneum || pelargonium pinnatum,10.0,10.0,1.0,1.0,perennial,perennial,outcrossing,outcrossing,1.0,1.0,0.00811,0.00811,0.00811,True,True,True,1.0,0.0,0.0,1.0
Plantaginaceae,Penstemon,Penstemon davidsonii,Penstemon newberryi,no,no,Penstemon,49.15,36.28,65.62,31.81,,,-0.0656,seed set,False,True,penstemon davidsonii,penstemon newberryi,penstemon davidsonii || penstemon newberryi,80.0,55.0,3.0,3.0,woody,woody,mixed-mating,mixed-mating,1.0,1.0,0.007674,0.007674,0.007674,True,True,True,1.8217263382430937,0.16272729749769965,0.16272729749769965,3.0
Polemoniaceae,Phlox,Phlox amoena,Phlox divaricata,no,no,Phlox01,69.0,65.1666667,26.0,30.5,,,0.4073,seed set,False,True,phlox amoena,phlox divaricata,phlox amoena || phlox divaricata,3.0,3.0,2.0,1.0,perennial,perennial,outcrossing,outcrossing,1.0,1.0,0.003922,0.003922,0.003922,True,True,True,0.47712125471966244,0.0,0.0,2.0
Polemoniaceae,Phlox,Phlox cuspidata,Phlox roemeriana,no,no,Phlox02,1.5,1.65,0.97,0.6,,,0.3347,seed set,False,True,phlox cuspidata,phlox roemeriana,phlox cuspidata || phlox roemeriana,3.0,4.0,1.0,1.0,annual,annual,mixed-mating,outcrossing,1.0,1.0,0.011719,0.011719,0.011719,True,True,True,0.5395906230238124,0.12493873660829996,-0.12493873660829996,1.0
Orchidaceae,Platanthera,Platanthera bifolia,Platanthera chlorantha,no,no,Platanthera,3008.0,4071.0,4188.0,5090.0,,,-0.1344,seed set,False,True,platanthera bifolia,platanthera chlorantha,platanthera bifolia || platanthera chlorantha,4004.0,5831.0,1.0,1.0,perennial,perennial,mixed-mating,mixed-mating,1.0,1.0,0.0,0.0,0.0,True,True,True,3.684118555114163,0.1632489726137636,-0.1632489726137636,1.0
Potamogetonaceae,Potamogeton,Potamogeton perfoliatus,Potamogeton wrightii,no,no,Potamogeton,32.57,48.93,41.0,41.37,,,-0.0053,seed set,False,True,potamogeton perfoliatus,potamogeton wrightii,potamogeton perfoliatus || potamogeton wrightii,1.0,1.0,1.0,1.0,woody,annual,selfing,selfing,1.0,1.0,0.02786,0.02786,0.02786,True,True,True,0.0,0.0,0.0,1.0
Primulaceae,Primula,Primula elatior,Primula vulgaris,no,no,Primula01,4.2,23.5,1.75,2.925,,,0.7112,seed set,False,True,primula elatior,primula vulgaris,primula elatior || primula vulgaris,63.67070707,55.37692308,1.0,1.0,perennial,perennial,outcrossing,outcrossing,1.0,1.0,0.03527,0.03527,0.03527,True,True,True,1.7736342470292734,0.060610851495876084,0.060610851495876084,1.0
Fagaceae,Quercus,Quercus robur,Quercus petraea,no,no,Quercus01,52.4,8.1,31.6,0.0,,,0.3138,fruit set,False,True,quercus robur,quercus petraea,quercus petraea || quercus robur,6.0,6.0,1.0,1.0,woody,woody,outcrossing,outcrossing,1.0,1.0,0.011628,0.011628,0.011628,True,True,True,0.7781512503836436,0.0,0.0,1.0
Orobanchaceae,Rhinanthus,Rhinanthus minor,Rhinanthus major,yes2,no,Rhinanthus,,,,,0.299,0.269,0.432,pollen competition,False,True,rhinanthus minor,rhinanthus major,rhinanthus major || rhinanthus minor,20.0,18.0,3.0,3.0,annual,annual,selfing,outcrossing,2.0,2.0,0.025335,0.025335,0.025335,True,True,True,1.2781512503836436,0.04575749056067524,0.04575749056067524,3.0
Ericaceae,Rhododendron,Rhododendron spiciferum,Rhododendron spinuliferum,no,no,Rhododendron01,0.6925,0.7155,0.7245,0.7985,,,-0.0392,seed set,False,True,rhododendron spiciferum,rhododendron spinuliferum,rhododendron spiciferum || rhododendron spinuliferum,595.0,1350.0,1.0,1.0,woody,woody,mixed-mating,mixed-mating,1.0,1.0,0.015637,0.015637,0.015637,True,True,True,2.9524253671117777,0.35581680276645633,-0.35581680276645633,1.0
Zingiberaceae,Roscoea,Roscoea purpurea,Roscoea tumjensis,no,no,Roscoea,0.555,0.377,0.522,0.437,,,-0.0143,seed set,False,True,roscoea purpurea,roscoea tumjensis,roscoea purpurea || roscoea tumjensis,31.5,45.95,3.0,1.0,perennial,perennial,mixed-mating,mixed-mating,1.0,1.0,0.033639,0.033639,0.033639,True,True,True,1.5802980347558653,0.1639749619325297,-0.1639749619325297,3.0
Alismataceae,Sagittaria,Sagittaria pygmaea,Sagittaria trifolia,no,no,Sagittaria,90.62,80.44,0.47,0.39,,,0.99,seed set,False,True,sagittaria pygmaea,sagittaria trifolia,sagittaria pygmaea || sagittaria trifolia,1.0,1.0,1.0,1.0,perennial,perennial,mixed-mating,mixed-mating,1.0,1.0,0.064646,0.064646,0.064646,True,True,True,0.0,0.0,0.0,1.0
Salicaceae,Salix,Salix amygdaloides,Salix exigua,no,no,Salix01,100.0,70.58823529,0.0,0.0,,,1.0,fruit set,False,True,salix amygdaloides,salix exigua,salix amygdaloides || salix exigua,17.0,21.0,1.0,1.0,woody,woody,outcrossing,outcrossing,1.0,1.0,0.072591,0.072591,0.072591,True,True,True,1.2763341080560966,0.09177037335564542,-0.09177037335564542,1.0
Salicaceae,Salix,Salix eriocephala,Salix lucida,no,no,Salix02,94.73684211,88.23529412,0.0,0.0,,,1.0,fruit set,False,True,salix eriocephala,salix lucida,salix eriocephala || salix lucida,14.0,21.0,1.0,1.0,woody,woody,outcrossing,outcrossing,1.0,1.0,0.027182,0.027182,0.027182,True,True,True,1.2341736652060786,0.17609125905568135,-0.17609125905568135,1.0
Lamiaceae,Salvia,Salvia digitaloides,Salvia flava,no,no,Salvia01,3.0,3.0,1.0,2.0,,,0.3333,seed set,False,True,salvia digitaloides,salvia flava,salvia digitaloides || salvia flava,4.0,4.0,1.0,1.0,perennial,perennial,outcrossing,outcrossing,1.0,1.0,0.003922,0.003922,0.003922,True,True,True,0.6020599913279624,0.0,0.0,1.0
Lamiaceae,Salvia,Salvia elegans,Salvia fulgens,no,no,Salvia02,0.668,0.199,0.084,0.0004,,,0.8226,seed set,False,True,salvia elegans,salvia fulgens,salvia elegans || salvia fulgens,4.0,4.0,1.0,1.0,woody,woody,mixed-mating,mixed-mating,1.0,1.0,0.086485,0.086485,0.086485,True,True,True,0.6020599913279624,0.0,0.0,1.0
Caryophyllaceae,Schiedea,Schiedea globosa,Schiedea menziesii,no,no,Schiedea01,26.6,,26.65,,,,-0.0009,seed number per fruit,False,True,schiedea globosa,schiedea menziesii,schiedea globosa || schiedea menziesii,49.0,45.8,1.0,1.0,woody,woody,outcrossing,mixed-mating,1.0,1.0,0.0,0.0,0.0,True,True,True,1.6755307790161913,0.029330602024644437,0.029330602024644437,1.0
Caryophyllaceae,Schiedea,Schiedea kealiae,Schiedea kaalae,no,no,Schiedea02,15.0,,17.4,,,,-0.0741,seed number per fruit,False,True,schiedea kealiae,schiedea kaalae,schiedea kaalae || schiedea kealiae,10.7,12.5,1.0,1.0,woody,perennial,outcrossing,outcrossing,1.0,1.0,0.016045,0.016045,0.016045,True,True,True,1.063146895346633,0.06752623532284674,-0.06752623532284674,1.0
Solanaceae,Schizanthus,Schizanthus hookeri,Schizanthus grahamii,no,no,Schizanthus,9.198,38.16,0.0,0.0,,,1.0,seed set,False,True,schizanthus hookeri,schizanthus grahamii,schizanthus grahamii || schizanthus hookeri,29.36,46.33,1.0,1.0,annual,annual,mixed-mating,selfing,1.0,1.0,0.015505,0.015505,0.015505,True,True,True,1.566809175723594,0.19810624895912232,-0.19810624895912232,1.0
Asteraceae,Senecio,Senecio squalidus,Senecio glaucus,no,no,Senecio,,,,,0.48,0.351,0.169,pollen competition,False,True,senecio squalidus,senecio glaucus,senecio glaucus || senecio squalidus,1.0,1.0,1.0,1.0,perennial,perennial,outcrossing,outcrossing,1.0,1.0,0.003861,0.003861,0.003861,True,True,True,0.0,0.0,0.0,1.0
Caryophyllaceae,Silene,Silene latifolia,Silene dioica,yes2,no,Silene01,,,,,0.18,0.51,0.31,pollen competition,False,True,silene latifolia,silene dioica,silene dioica || silene latifolia,540.0,280.0,1.0,1.0,perennial,perennial,outcrossing,outcrossing,2.0,2.0,0.012109,0.012109,0.012109,True,True,True,2.589775895582594,0.2852357284807492,0.2852357284807492,1.0
Solanaceae,Solanum,Solanum berthaultii,Solanum chacoense,no,no,Solanum03,18.45,86.955,2.09,92.61,,,0.0535,seed set,False,True,solanum berthaultii,solanum chacoense,solanum berthaultii || solanum chacoense,123.0,106.2,3.0,1.0,perennial,perennial,outcrossing,outcrossing,1.0,1.0,0.019258,0.019258,0.019258,True,True,True,2.058014814092424,0.06378059469394781,0.06378059469394781,3.0
Solanaceae,Solanum,Solanum betaceum,Solanum unilobum,no,no,Solanum01,56.5833333,41.4782609,0.264,8.0,,,0.8446,seed number per fruit,False,True,solanum betaceum,solanum unilobum,solanum betaceum || solanum unilobum,342.0,116.0,3.0,3.0,woody,woody,mixed-mating,outcrossing,1.0,1.0,0.0,0.0,0.0,True,True,True,2.2992420476415267,0.4695681168292163,0.4695681168292163,3.0
Solanaceae,Solanum,Solanum corymbiflorum,Solanum diploconos,no,no,Solanum02,94.5,105.529412,7.34782609,0.40909091,,,0.9253,seed number per fruit,False,True,solanum corymbiflorum,solanum diploconos,solanum corymbiflorum || solanum diploconos,157.0,120.0,3.0,3.0,woody,woody,outcrossing,outcrossing,1.0,1.0,0.023304,0.023304,0.023304,True,True,True,2.137540449228429,0.1167184063616089,0.1167184063616089,3.0
Brassicaceae,Streptanthus,Streptanthus brachiatus,Streptanthus barbiger,no,no,Streptanthus01,,,,,,,0.673,fruit set,False,True,streptanthus brachiatus,streptanthus barbiger,streptanthus barbiger || streptanthus brachiatus,54.0,54.0,3.0,3.0,annual,annual,mixed-mating,mixed-mating,1.0,1.0,0.011595,0.011595,0.011595,True,True,True,1.7323937598229686,0.0,0.0,3.0
Brassicaceae,Streptanthus,Streptanthus drepanoides,Streptanthus breweri,no,no,Streptanthus02,,,,,,,0.093,fruit set,False,True,streptanthus drepanoides,streptanthus breweri,streptanthus breweri || streptanthus drepanoides,42.4,54.0,1.0,3.0,annual,annual,mixed-mating,mixed-mating,1.0,1.0,0.003842,0.003842,0.003842,True,True,True,1.6798798082078505,0.10502790323023592,-0.10502790323023592,3.0
Brassicaceae,Streptanthus,Streptanthus flavescens,Streptanthus anceps,no,no,Streptanthus03,,,,,,,0.4,fruit set,False,True,streptanthus flavescens,streptanthus anceps,streptanthus anceps || streptanthus flavescens,54.0,54.0,3.0,3.0,annual,annual,mixed-mating,mixed-mating,1.0,1.0,0.007703,0.007703,0.007703,True,True,True,1.7323937598229686,0.0,0.0,3.0
Brassicaceae,Streptanthus,Streptanthus hesperidis,Streptanthus batrachopus,no,no,Streptanthus04,,,,,,,0.879,fruit set,False,True,streptanthus hesperidis,streptanthus batrachopus,streptanthus batrachopus || streptanthus hesperidis,54.0,54.0,3.0,3.0,annual,annual,mixed-mating,mixed-mating,1.0,1.0,0.015699,0.015699,0.015699,True,True,True,1.7323937598229686,0.0,0.0,3.0
Brassicaceae,Streptanthus,Streptanthus inflatus,Streptanthus coulteri,no,no,Streptanthus05,,,,,,,0.878,fruit set,False,True,streptanthus inflatus,streptanthus coulteri,streptanthus coulteri || streptanthus inflatus,54.0,54.0,3.0,3.0,annual,annual,mixed-mating,mixed-mating,1.0,1.0,0.019438,0.019438,0.019438,True,True,True,1.7323937598229686,0.0,0.0,3.0
Brassicaceae,Streptanthus,Streptanthus tortuosus,Streptanthus diversifolius,no,no,Streptanthus06,,,,,,,0.918,fruit set,False,True,streptanthus tortuosus,streptanthus diversifolius,streptanthus diversifolius || streptanthus tortuosus,50.9,55.5,1.0,1.0,perennial,annual,mixed-mating,mixed-mating,1.0,1.0,0.0,0.0,0.0,True,True,True,1.7255053827297175,0.037575200785917584,-0.037575200785917584,1.0
Brassicaceae,Streptanthus,Streptanthus vernalis,Streptanthus morrisonii,no,no,Streptanthus07,,,,,,,0.275,fruit set,False,True,streptanthus vernalis,streptanthus morrisonii,streptanthus morrisonii || streptanthus vernalis,54.0,14.2,3.0,1.0,annual,annual,mixed-mating,mixed-mating,1.0,1.0,0.0,0.0,0.0,True,True,True,1.4423410521030124,0.5801054154399121,0.5801054154399121,3.0
Asteraceae,Taraxacum,Taraxacum ceratophorum,Taraxacum officinale,no,no,Taraxacum,,,,,0.003,,0.994,pollen competition,False,True,taraxacum ceratophorum,taraxacum officinale,taraxacum ceratophorum || taraxacum officinale,1.0,1.0,1.0,1.0,perennial,perennial,outcrossing,selfing,1.0,1.0,0.014223,0.014223,0.014223,True,True,True,0.0,0.0,0.0,1.0
Melanthiaceae,Trillium,Trillium apetalon,Trillium tschonoskii,no,no,Trillium,0.831,0.875,0.693,0.481,,,0.1847,seed set,False,True,trillium apetalon,trillium tschonoskii,trillium apetalon || trillium tschonoskii,21.0,21.0,3.0,3.0,perennial,perennial,selfing,mixed-mating,1.0,1.0,0.024101,0.024101,0.024101,True,True,True,1.3222192947339193,0.0,0.0,3.0
Verbenaceae,Verbena,Verbena stricta,Verbena bracteata,no,no,Verbena,98.2,93.9,44.0,,,,0.3717,seed set,False,True,verbena stricta,verbena bracteata,verbena bracteata || verbena stricta,4.0,4.0,1.0,1.0,perennial,perennial,mixed-mating,mixed-mating,1.0,1.0,0.277914,0.277914,0.277914,True,True,True,0.6020599913279624,0.0,0.0,1.0
Rhamnaceae,Ziziphus,Ziziphus mauritiana,Ziziphus jujuba,no,no,Ziziphus,11.42,12.72,7.2,0.0,,,0.5405,fruit set,False,True,ziziphus mauritiana,ziziphus jujuba,ziziphus jujuba || ziziphus mauritiana,2.0,2.0,1.0,1.0,woody,woody,outcrossing,outcrossing,1.0,1.0,0.059997,0.059997,0.059997,True,True,True,0.3010299956639812,0.0,0.0,1.0
